Country Name,Country Code,Indicator Name,Indicator Code,1962,1963,1964,1965,1966,1967,1968,1969,1970,1971,1972,1973,1974,1975,1976,1977,1978,1979,1980,1981,1982,1983,1984,1985,1986,1987,1988,1989,1990,1991,1992,1993,1994,1995,1996,1997,1998,1999,2000,2001,2002,2003,2004,2005,2006,2007,2008,2009,2010,2011,2012,2013,2014,2015,2016,2017,2018,2019
Aruba,ABW,Sex ratio at birth (male births per female births),SP.POP.BRTH.MF,1.05,,,,,1.05,,,,,1.05,,,,,1.05,,,,,1.05,,,,,1.05,,,1.05,,1.05,,,,,1.05,,,,,1.05,,,,,1.05,1.05,1.05,1.05,1.05,1.05,1.05,1.05,1.05,1.05,1.05,,
Afghanistan,AFG,Sex ratio at birth (male births per female births),SP.POP.BRTH.MF,1.06,,,,,1.06,,,,,1.06,,,,,1.06,,,,,1.06,,,,,1.06,,,1.06,,1.06,,,,,1.06,,,,,1.06,,,,,1.06,1.06,1.06,1.06,1.06,1.06,1.06,1.06,1.06,1.06,1.06,,
Angola,AGO,Sex ratio at birth (male births per female births),SP.POP.BRTH.MF,1.02,,,,,1.02,,,,,1.02,,,,,1.02,,,,,1.02,,,,,1.02,,,1.02,,1.02,,,,,1.02,,,,,1.02,,,,,1.02,1.022,1.024,1.026,1.028,1.03,1.03,1.03,1.03,1.03,1.03,,
Albania,ALB,Sex ratio at birth (male births per female births),SP.POP.BRTH.MF,1.06,,,,,1.062,,,,,1.066,,,,,1.074,,,,,1.085,,,,,1.08,,,1.084,,1.086,,,,,1.094,,,,,1.116,,,,,1.122,1.118,1.113,1.109,1.104,1.1,1.097,1.094,1.092,1.089,1.086,,
Andorra,AND,Sex ratio at birth (male births per female births),SP.POP.BRTH.MF,,,,,,,,,,,,,,,,,,,,,,,,,,,,,,,,,,,,,,,,,,,,,,,,,,,,,,,,,,
Arab World,ARB,Sex ratio at birth (male births per female births),SP.POP.BRTH.MF,1.051494043,,,,,1.051482517,,,,,1.051515589,,,,,1.051207573,,,,,1.050804727,,,,,1.051295133,,,1.051428152,,1.051652787,,,,,1.051721769,,,,,1.053014985,,,,,1.052655527,1.052667542,1.052708591,1.052849783,1.052910788,1.052955961,1.052754258,1.05250934,1.051958536,1.051641568,1.05131153,,
United Arab Emirates,ARE,Sex ratio at birth (male births per female births),SP.POP.BRTH.MF,1.045,,,,,1.045,,,,,1.045,,,,,1.045,,,,,1.045,,,,,1.045,,,1.045,,1.045,,,,,1.045,,,,,1.045,,,,,1.045,1.045,1.045,1.045,1.045,1.045,1.045,1.045,1.045,1.045,1.045,,
Argentina,ARG,Sex ratio at birth (male births per female births),SP.POP.BRTH.MF,1.04,,,,,1.04,,,,,1.04,,,,,1.04,,,,,1.04,,,,,1.04,,,1.04,,1.04,,,,,1.04,,,,,1.04,,,,,1.04,1.04,1.04,1.04,1.04,1.04,1.04,1.04,1.04,1.04,1.04,,
Armenia,ARM,Sex ratio at birth (male births per female births),SP.POP.BRTH.MF,1.064,,,,,1.064,,,,,1.057,,,,,1.052,,,,,1.05,,,,,1.058,,,1.069,,1.077,,,,,1.151,,,,,1.173,,,,,1.151,1.148,1.146,1.143,1.141,1.138,1.133,1.128,1.123,1.118,1.113,,
American Samoa,ASM,Sex ratio at birth (male births per female births),SP.POP.BRTH.MF,,,,,,,,,,,,,,,,,,,,,,,,,,,,,,,,,,,,,,,,,,,,,,,,,,,,,,,,,,
Antigua and Barbuda,ATG,Sex ratio at birth (male births per female births),SP.POP.BRTH.MF,1.03,,,,,1.03,,,,,1.03,,,,,1.03,,,,,1.03,,,,,1.03,,,1.03,,1.03,,,,,1.03,,,,,1.03,,,,,1.03,1.03,1.03,1.03,1.03,1.03,1.03,1.03,1.03,1.03,1.03,,
Australia,AUS,Sex ratio at birth (male births per female births),SP.POP.BRTH.MF,1.058,,,,,1.055,,,,,1.053,,,,,1.056,,,,,1.055,,,,,1.054,,,1.055,,1.056,,,,,1.054,,,,,1.055,,,,,1.056,1.056,1.056,1.057,1.057,1.057,1.057,1.056,1.056,1.055,1.055,,
Austria,AUT,Sex ratio at birth (male births per female births),SP.POP.BRTH.MF,1.055,,,,,1.055,,,,,1.055,,,,,1.055,,,,,1.055,,,,,1.055,,,1.055,,1.055,,,,,1.055,,,,,1.055,,,,,1.055,1.055,1.055,1.055,1.055,1.055,1.055,1.055,1.055,1.055,1.055,,
Azerbaijan,AZE,Sex ratio at birth (male births per female births),SP.POP.BRTH.MF,1.062,,,,,1.062,,,,,1.062,,,,,1.062,,,,,1.062,,,,,1.062,,,1.073,,1.08,,,,,1.13,,,,,1.17,,,,,1.166,1.164,1.163,1.161,1.16,1.158,1.151,1.145,1.138,1.132,1.125,,
Burundi,BDI,Sex ratio at birth (male births per female births),SP.POP.BRTH.MF,1.03,,,,,1.03,,,,,1.03,,,,,1.03,,,,,1.03,,,,,1.03,,,1.03,,1.03,,,,,1.03,,,,,1.03,,,,,1.03,1.03,1.03,1.03,1.03,1.03,1.03,1.03,1.03,1.03,1.03,,
Belgium,BEL,Sex ratio at birth (male births per female births),SP.POP.BRTH.MF,1.059,,,,,1.059,,,,,1.058,,,,,1.059,,,,,1.057,,,,,1.058,,,1.054,,1.051,,,,,1.043,,,,,1.05,,,,,1.05,1.05,1.05,1.05,1.05,1.05,1.05,1.05,1.05,1.05,1.05,,
Benin,BEN,Sex ratio at birth (male births per female births),SP.POP.BRTH.MF,1.041,,,,,1.041,,,,,1.041,,,,,1.041,,,,,1.041,,,,,1.041,,,1.041,,1.041,,,,,1.041,,,,,1.041,,,,,1.041,1.041,1.041,1.041,1.041,1.041,1.041,1.041,1.041,1.041,1.041,,
Burkina Faso,BFA,Sex ratio at birth (male births per female births),SP.POP.BRTH.MF,1.046,,,,,1.046,,,,,1.046,,,,,1.046,,,,,1.046,,,,,1.046,,,1.046,,1.046,,,,,1.046,,,,,1.046,,,,,1.046,1.046,1.046,1.046,1.046,1.046,1.046,1.046,1.046,1.046,1.046,,
Bangladesh,BGD,Sex ratio at birth (male births per female births),SP.POP.BRTH.MF,1.049,,,,,1.049,,,,,1.049,,,,,1.049,,,,,1.049,,,,,1.049,,,1.049,,1.049,,,,,1.049,,,,,1.049,,,,,1.049,1.049,1.049,1.049,1.049,1.049,1.049,1.049,1.049,1.049,1.049,,
Bulgaria,BGR,Sex ratio at birth (male births per female births),SP.POP.BRTH.MF,1.058,,,,,1.062,,,,,1.061,,,,,1.061,,,,,1.061,,,,,1.06,,,1.055,,1.052,,,,,1.058,,,,,1.064,,,,,1.057,1.058,1.058,1.059,1.059,1.06,1.06,1.06,1.06,1.06,1.06,,
Bahrain,BHR,Sex ratio at birth (male births per female births),SP.POP.BRTH.MF,1.05,,,,,1.05,,,,,1.05,,,,,1.05,,,,,1.05,,,,,1.048,,,1.046,,1.045,,,,,1.042,,,,,1.04,,,,,1.038,1.037,1.037,1.036,1.036,1.035,1.036,1.036,1.037,1.037,1.038,,
"Bahamas, The",BHS,Sex ratio at birth (male births per female births),SP.POP.BRTH.MF,1.057,,,,,1.057,,,,,1.057,,,,,1.057,,,,,1.057,,,,,1.057,,,1.057,,1.057,,,,,1.057,,,,,1.057,,,,,1.057,1.057,1.057,1.057,1.057,1.057,1.057,1.057,1.057,1.057,1.057,,
Bosnia and Herzegovina,BIH,Sex ratio at birth (male births per female births),SP.POP.BRTH.MF,1.065,,,,,1.065,,,,,1.065,,,,,1.065,,,,,1.065,,,,,1.065,,,1.065,,1.065,,,,,1.065,,,,,1.065,,,,,1.065,1.063,1.06,1.058,1.055,1.053,1.055,1.058,1.06,1.063,1.065,,
Belarus,BLR,Sex ratio at birth (male births per female births),SP.POP.BRTH.MF,1.06,,,,,1.057,,,,,1.056,,,,,1.053,,,,,1.052,,,,,1.06,,,1.063,,1.065,,,,,1.066,,,,,1.061,,,,,1.063,1.063,1.063,1.064,1.064,1.064,1.064,1.064,1.063,1.063,1.063,,
Belize,BLZ,Sex ratio at birth (male births per female births),SP.POP.BRTH.MF,1.03,,,,,1.03,,,,,1.03,,,,,1.03,,,,,1.03,,,,,1.03,,,1.03,,1.03,,,,,1.03,,,,,1.03,,,,,1.03,1.03,1.03,1.03,1.03,1.03,1.03,1.03,1.03,1.03,1.03,,
Bermuda,BMU,Sex ratio at birth (male births per female births),SP.POP.BRTH.MF,,,,,,,,,,,,,,,,,,,,,,,,,,,,,,,,,,,,,,,,,,,,,,,,,,,,,,,,,,
Bolivia,BOL,Sex ratio at birth (male births per female births),SP.POP.BRTH.MF,1.05,,,,,1.05,,,,,1.05,,,,,1.05,,,,,1.05,,,,,1.05,,,1.05,,1.05,,,,,1.05,,,,,1.05,,,,,1.05,1.05,1.05,1.05,1.05,1.05,1.05,1.05,1.05,1.05,1.05,,
Brazil,BRA,Sex ratio at birth (male births per female births),SP.POP.BRTH.MF,1.05,,,,,1.05,,,,,1.05,,,,,1.05,,,,,1.05,,,,,1.05,,,1.05,,1.05,,,,,1.05,,,,,1.05,,,,,1.05,1.05,1.05,1.05,1.05,1.05,1.05,1.05,1.05,1.05,1.05,,
Barbados,BRB,Sex ratio at birth (male births per female births),SP.POP.BRTH.MF,1.036,,,,,1.036,,,,,1.036,,,,,1.036,,,,,1.036,,,,,1.036,,,1.036,,1.036,,,,,1.036,,,,,1.036,,,,,1.036,1.036,1.036,1.036,1.036,1.036,1.036,1.036,1.036,1.036,1.036,,
Brunei Darussalam,BRN,Sex ratio at birth (male births per female births),SP.POP.BRTH.MF,1.055,,,,,1.055,,,,,1.055,,,,,1.055,,,,,1.055,,,,,1.055,,,1.055,,1.055,,,,,1.055,,,,,1.055,,,,,1.055,1.055,1.055,1.055,1.055,1.055,1.055,1.055,1.055,1.055,1.055,,
Bhutan,BTN,Sex ratio at birth (male births per female births),SP.POP.BRTH.MF,1.04,,,,,1.04,,,,,1.04,,,,,1.04,,,,,1.04,,,,,1.04,,,1.04,,1.04,,,,,1.04,,,,,1.04,,,,,1.04,1.04,1.04,1.04,1.04,1.04,1.04,1.04,1.04,1.04,1.04,,
Botswana,BWA,Sex ratio at birth (male births per female births),SP.POP.BRTH.MF,1.031,,,,,1.031,,,,,1.031,,,,,1.031,,,,,1.031,,,,,1.031,,,1.031,,1.031,,,,,1.031,,,,,1.031,,,,,1.031,1.031,1.031,1.031,1.031,1.031,1.031,1.031,1.031,1.031,1.031,,
Central African Republic,CAF,Sex ratio at birth (male births per female births),SP.POP.BRTH.MF,1.03,,,,,1.03,,,,,1.03,,,,,1.03,,,,,1.03,,,,,1.03,,,1.03,,1.03,,,,,1.03,,,,,1.03,,,,,1.03,1.03,1.03,1.03,1.03,1.03,1.03,1.03,1.03,1.03,1.03,,
Canada,CAN,Sex ratio at birth (male births per female births),SP.POP.BRTH.MF,1.055,,,,,1.055,,,,,1.06,,,,,1.056,,,,,1.056,,,,,1.052,,,1.054,,1.056,,,,,1.054,,,,,1.054,,,,,1.053,1.053,1.053,1.054,1.054,1.054,1.054,1.054,1.053,1.053,1.053,,
Central Europe and the Baltics,CEB,Sex ratio at birth (male births per female births),SP.POP.BRTH.MF,1.057138056,,,,,1.057080386,,,,,1.057207386,,,,,1.057196274,,,,,1.056829632,,,,,1.057069849,,,1.056233207,,1.055601025,,,,,1.057469325,,,,,1.057361144,,,,,1.055880022,1.056111608,1.05625679,1.056443458,1.056537521,1.056800146,1.056930301,1.057025167,1.057268453,1.057347789,1.05744825,,
Switzerland,CHE,Sex ratio at birth (male births per female births),SP.POP.BRTH.MF,1.052,,,,,1.052,,,,,1.052,,,,,1.052,,,,,1.052,,,,,1.052,,,1.052,,1.052,,,,,1.052,,,,,1.052,,,,,1.052,1.052,1.052,1.052,1.052,1.052,1.052,1.052,1.052,1.052,1.052,,
Channel Islands,CHI,Sex ratio at birth (male births per female births),SP.POP.BRTH.MF,1.057,,,,,1.057,,,,,1.057,,,,,1.057,,,,,1.057,,,,,1.057,,,1.057,,1.057,,,,,1.057,,,,,1.057,,,,,1.057,1.057,1.057,1.057,1.057,1.057,1.057,1.057,1.057,1.057,1.057,,
Chile,CHL,Sex ratio at birth (male births per female births),SP.POP.BRTH.MF,1.04,,,,,1.04,,,,,1.04,,,,,1.04,,,,,1.04,,,,,1.04,,,1.04,,1.04,,,,,1.04,,,,,1.04,,,,,1.04,1.04,1.04,1.04,1.04,1.04,1.04,1.04,1.04,1.04,1.04,,
China,CHN,Sex ratio at birth (male births per female births),SP.POP.BRTH.MF,1.07,,,,,1.07,,,,,1.07,,,,,1.07,,,,,1.07,,,,,1.08,,,1.104,,1.12,,,,,1.14,,,,,1.16,,,,,1.17,1.166,1.162,1.158,1.154,1.15,1.146,1.142,1.138,1.134,1.13,,
Cote d'Ivoire,CIV,Sex ratio at birth (male births per female births),SP.POP.BRTH.MF,1.03,,,,,1.03,,,,,1.03,,,,,1.03,,,,,1.03,,,,,1.03,,,1.03,,1.03,,,,,1.03,,,,,1.03,,,,,1.03,1.03,1.03,1.03,1.03,1.03,1.03,1.03,1.03,1.03,1.03,,
Cameroon,CMR,Sex ratio at birth (male births per female births),SP.POP.BRTH.MF,1.03,,,,,1.03,,,,,1.03,,,,,1.03,,,,,1.03,,,,,1.03,,,1.03,,1.03,,,,,1.03,,,,,1.03,,,,,1.03,1.03,1.03,1.03,1.03,1.03,1.03,1.03,1.03,1.03,1.03,,
"Congo, Dem. Rep.",COD,Sex ratio at birth (male births per female births),SP.POP.BRTH.MF,1.03,,,,,1.03,,,,,1.03,,,,,1.03,,,,,1.03,,,,,1.03,,,1.03,,1.03,,,,,1.03,,,,,1.03,,,,,1.03,1.03,1.03,1.03,1.03,1.03,1.03,1.03,1.03,1.03,1.03,,
"Congo, Rep.",COG,Sex ratio at birth (male births per female births),SP.POP.BRTH.MF,1.03,,,,,1.03,,,,,1.03,,,,,1.03,,,,,1.03,,,,,1.03,,,1.03,,1.03,,,,,1.03,,,,,1.03,,,,,1.03,1.03,1.03,1.03,1.03,1.03,1.03,1.03,1.03,1.03,1.03,,
Colombia,COL,Sex ratio at birth (male births per female births),SP.POP.BRTH.MF,1.05,,,,,1.05,,,,,1.05,,,,,1.05,,,,,1.05,,,,,1.05,,,1.05,,1.05,,,,,1.05,,,,,1.05,,,,,1.05,1.05,1.05,1.05,1.05,1.05,1.05,1.05,1.05,1.05,1.05,,
Comoros,COM,Sex ratio at birth (male births per female births),SP.POP.BRTH.MF,1.05,,,,,1.05,,,,,1.05,,,,,1.05,,,,,1.05,,,,,1.05,,,1.05,,1.05,,,,,1.05,,,,,1.05,,,,,1.05,1.05,1.05,1.05,1.05,1.05,1.05,1.05,1.05,1.05,1.05,,
Cabo Verde,CPV,Sex ratio at birth (male births per female births),SP.POP.BRTH.MF,1.03,,,,,1.03,,,,,1.03,,,,,1.03,,,,,1.03,,,,,1.03,,,1.03,,1.03,,,,,1.03,,,,,1.03,,,,,1.03,1.03,1.03,1.03,1.03,1.03,1.03,1.03,1.03,1.03,1.03,,
Costa Rica,CRI,Sex ratio at birth (male births per female births),SP.POP.BRTH.MF,1.05,,,,,1.05,,,,,1.05,,,,,1.05,,,,,1.05,,,,,1.05,,,1.05,,1.05,,,,,1.05,,,,,1.05,,,,,1.05,1.05,1.05,1.05,1.05,1.05,1.05,1.05,1.05,1.05,1.05,,
Caribbean small states,CSS,Sex ratio at birth (male births per female births),SP.POP.BRTH.MF,1.048052626,,,,,1.048508515,,,,,1.048406412,,,,,1.047817278,,,,,1.047646663,,,,,1.047866818,,,1.048164412,,1.048371789,,,,,1.048629478,,,,,1.048549543,,,,,1.048463777,1.04845433,1.04844829,1.048445995,1.048448124,1.048454821,1.048466086,1.048481832,1.048501093,1.048523445,1.048547309,,
Cuba,CUB,Sex ratio at birth (male births per female births),SP.POP.BRTH.MF,1.057,,,,,1.057,,,,,1.057,,,,,1.057,,,,,1.057,,,,,1.057,,,1.057,,1.057,,,,,1.057,,,,,1.057,,,,,1.057,1.057,1.057,1.057,1.057,1.057,1.057,1.057,1.057,1.057,1.057,,
Curacao,CUW,Sex ratio at birth (male births per female births),SP.POP.BRTH.MF,1.05,,,,,1.05,,,,,1.05,,,,,1.05,,,,,1.05,,,,,1.05,,,1.05,,1.05,,,,,1.05,,,,,1.05,,,,,1.05,1.05,1.05,1.05,1.05,1.05,1.05,1.05,1.05,1.05,1.05,,
Cayman Islands,CYM,Sex ratio at birth (male births per female births),SP.POP.BRTH.MF,,,,,,,,,,,,,,,,,,,,,,,,,,,,,,,,,,,,,,,,,,,,,,,,,,,,,,,,,,
Cyprus,CYP,Sex ratio at birth (male births per female births),SP.POP.BRTH.MF,1.07,,,,,1.07,,,,,1.07,,,,,1.07,,,,,1.07,,,,,1.07,,,1.07,,1.07,,,,,1.07,,,,,1.07,,,,,1.07,1.07,1.07,1.07,1.07,1.07,1.07,1.07,1.07,1.07,1.07,,
Czech Republic,CZE,Sex ratio at birth (male births per female births),SP.POP.BRTH.MF,1.058,,,,,1.058,,,,,1.058,,,,,1.058,,,,,1.058,,,,,1.058,,,1.058,,1.058,,,,,1.058,,,,,1.058,,,,,1.058,1.058,1.058,1.058,1.058,1.058,1.058,1.058,1.058,1.058,1.058,,
Germany,DEU,Sex ratio at birth (male births per female births),SP.POP.BRTH.MF,1.059,,,,,1.057,,,,,1.057,,,,,1.057,,,,,1.056,,,,,1.056,,,1.056,,1.056,,,,,1.056,,,,,1.055,,,,,1.054,1.054,1.054,1.053,1.053,1.053,1.053,1.053,1.052,1.052,1.052,,
Djibouti,DJI,Sex ratio at birth (male births per female births),SP.POP.BRTH.MF,1.039,,,,,1.039,,,,,1.039,,,,,1.039,,,,,1.039,,,,,1.039,,,1.039,,1.039,,,,,1.039,,,,,1.039,,,,,1.039,1.039,1.039,1.039,1.039,1.039,1.039,1.039,1.039,1.039,1.039,,
Dominica,DMA,Sex ratio at birth (male births per female births),SP.POP.BRTH.MF,,,,,,,,,,,,,,,,,,,,,,,,,,,,,,,,,,,,,,,,,,,,,,,,,,,,,,,,,,
Denmark,DNK,Sex ratio at birth (male births per female births),SP.POP.BRTH.MF,1.055,,,,,1.062,,,,,1.056,,,,,1.058,,,,,1.05,,,,,1.06,,,1.057,,1.055,,,,,1.056,,,,,1.052,,,,,1.055,1.055,1.055,1.056,1.056,1.056,1.056,1.056,1.056,1.056,1.056,,
Dominican Republic,DOM,Sex ratio at birth (male births per female births),SP.POP.BRTH.MF,1.05,,,,,1.05,,,,,1.05,,,,,1.05,,,,,1.05,,,,,1.05,,,1.05,,1.05,,,,,1.05,,,,,1.05,,,,,1.05,1.05,1.05,1.05,1.05,1.05,1.05,1.05,1.05,1.05,1.05,,
Algeria,DZA,Sex ratio at birth (male births per female births),SP.POP.BRTH.MF,1.05,,,,,1.05,,,,,1.05,,,,,1.05,,,,,1.05,,,,,1.05,,,1.05,,1.05,,,,,1.05,,,,,1.05,,,,,1.05,1.05,1.05,1.05,1.05,1.05,1.05,1.05,1.05,1.05,1.05,,
East Asia & Pacific (excluding high income),EAP,Sex ratio at birth (male births per female births),SP.POP.BRTH.MF,1.064796391,,,,,1.06464014,,,,,1.064461279,,,,,1.062734656,,,,,1.063705514,,,,,1.070636017,,,1.086202007,,1.095097074,,,,,1.107808166,,,,,1.115174823,,,,,1.12190274,1.119968182,1.11788507,1.115384839,1.113394211,1.111690306,1.10957155,1.107913986,1.105363829,1.104476581,1.101634159,,
Early-demographic dividend,EAR,Sex ratio at birth (male births per female births),SP.POP.BRTH.MF,1.051449506,,,,,1.051864291,,,,,1.052641225,,,,,1.056883214,,,,,1.063869006,,,,,1.067087321,,,1.070676337,,1.073461651,,,,,1.077144962,,,,,1.078787249,,,,,1.072997204,1.072783395,1.072172185,1.072008505,1.071409761,1.071193057,1.071011616,1.070872013,1.07075759,1.070712597,1.070699003,,
East Asia & Pacific,EAS,Sex ratio at birth (male births per female births),SP.POP.BRTH.MF,1.064330355,,,,,1.064129924,,,,,1.063895295,,,,,1.062373986,,,,,1.063716344,,,,,1.070829113,,,1.085711504,,1.094267625,,,,,1.105195967,,,,,1.111612014,,,,,1.117580726,1.115775727,1.113880791,1.111483718,1.109614308,1.107969545,1.106102896,1.104586579,1.102153104,1.101490013,1.098880698,,
Europe & Central Asia (excluding high income),ECA,Sex ratio at birth (male births per female births),SP.POP.BRTH.MF,1.055305302,,,,,1.05394871,,,,,1.052842604,,,,,1.052822054,,,,,1.052602747,,,,,1.054268289,,,1.05692053,,1.058862082,,,,,1.061093943,,,,,1.062701878,,,,,1.062766901,1.062522751,1.062191857,1.062582061,1.062444027,1.062158913,1.061804872,1.061495483,1.061250296,1.060932803,1.060463004,,
Europe & Central Asia,ECS,Sex ratio at birth (male births per female births),SP.POP.BRTH.MF,1.056270605,,,,,1.055646379,,,,,1.055304877,,,,,1.055189797,,,,,1.054645603,,,,,1.055195485,,,1.056619751,,1.057530861,,,,,1.058751692,,,,,1.059351062,,,,,1.059131866,1.059043702,1.058875942,1.058983559,1.058915535,1.058786284,1.058643258,1.058549556,1.058388318,1.058239952,1.0579993,,
Ecuador,ECU,Sex ratio at birth (male births per female births),SP.POP.BRTH.MF,1.05,,,,,1.05,,,,,1.05,,,,,1.05,,,,,1.05,,,,,1.05,,,1.05,,1.05,,,,,1.05,,,,,1.05,,,,,1.05,1.05,1.05,1.05,1.05,1.05,1.05,1.05,1.05,1.05,1.05,,
"Egypt, Arab Rep.",EGY,Sex ratio at birth (male births per female births),SP.POP.BRTH.MF,1.06,,,,,1.06,,,,,1.06,,,,,1.06,,,,,1.06,,,,,1.06,,,1.06,,1.06,,,,,1.06,,,,,1.066,,,,,1.066,1.066,1.066,1.066,1.066,1.066,1.065,1.064,1.062,1.061,1.06,,
Euro area,EMU,Sex ratio at birth (male births per female births),SP.POP.BRTH.MF,1.058442696,,,,,1.058172145,,,,,1.059183372,,,,,1.059272467,,,,,1.058475815,,,,,1.057508373,,,1.057420599,,1.057262443,,,,,1.057465064,,,,,1.056691846,,,,,1.055834927,1.055859641,1.055764074,1.055423177,1.05534683,1.055213089,1.055146193,1.055330223,1.05514919,1.055294379,1.055321292,,
Eritrea,ERI,Sex ratio at birth (male births per female births),SP.POP.BRTH.MF,1.052,,,,,1.052,,,,,1.052,,,,,1.052,,,,,1.052,,,,,1.052,,,1.052,,1.052,,,,,1.052,,,,,1.052,,,,,1.052,1.052,1.052,1.052,1.052,1.052,1.052,1.052,1.052,1.052,1.052,,
Spain,ESP,Sex ratio at birth (male births per female births),SP.POP.BRTH.MF,1.064,,,,,1.064,,,,,1.064,,,,,1.064,,,,,1.064,,,,,1.064,,,1.064,,1.064,,,,,1.064,,,,,1.064,,,,,1.064,1.064,1.064,1.064,1.064,1.064,1.064,1.064,1.064,1.064,1.064,,
Estonia,EST,Sex ratio at birth (male births per female births),SP.POP.BRTH.MF,1.068,,,,,1.052,,,,,1.058,,,,,1.058,,,,,1.052,,,,,1.058,,,1.059,,1.059,,,,,1.066,,,,,1.057,,,,,1.064,1.062,1.06,1.058,1.056,1.054,1.057,1.06,1.062,1.065,1.068,,
Ethiopia,ETH,Sex ratio at birth (male births per female births),SP.POP.BRTH.MF,1.04,,,,,1.04,,,,,1.04,,,,,1.04,,,,,1.04,,,,,1.04,,,1.04,,1.04,,,,,1.04,,,,,1.04,,,,,1.04,1.04,1.04,1.04,1.04,1.04,1.04,1.04,1.04,1.04,1.04,,
European Union,EUU,Sex ratio at birth (male births per female births),SP.POP.BRTH.MF,1.057272529,,,,,1.057323739,,,,,1.057906218,,,,,1.058016102,,,,,1.057319348,,,,,1.056702814,,,1.056375088,,1.056070513,,,,,1.05648501,,,,,1.056164039,,,,,1.055360422,1.055405687,1.055344485,1.055138043,1.055053014,1.054991923,1.054959086,1.055113972,1.055020046,1.055147381,1.055177552,,
Fragile and conflict affected situations,FCS,Sex ratio at birth (male births per female births),SP.POP.BRTH.MF,1.039954652,,,,,1.040113501,,,,,1.040099963,,,,,1.0399684,,,,,1.039709502,,,,,1.039545388,,,1.039616143,,1.039683335,,,,,1.039505835,,,,,1.039162828,,,,,1.039168423,1.03912745,1.039151773,1.039123538,1.03915104,1.039116372,1.03907664,1.039092845,1.039035691,1.039034763,1.038964734,,
Finland,FIN,Sex ratio at birth (male births per female births),SP.POP.BRTH.MF,1.048,,,,,1.047,,,,,1.052,,,,,1.05,,,,,1.048,,,,,1.047,,,1.043,,1.04,,,,,1.045,,,,,1.05,,,,,1.044,1.045,1.045,1.046,1.046,1.047,1.047,1.047,1.047,1.047,1.047,,
Fiji,FJI,Sex ratio at birth (male births per female births),SP.POP.BRTH.MF,1.06,,,,,1.06,,,,,1.06,,,,,1.06,,,,,1.06,,,,,1.06,,,1.06,,1.06,,,,,1.06,,,,,1.06,,,,,1.06,1.06,1.06,1.06,1.06,1.06,1.06,1.06,1.06,1.06,1.06,,
France,FRA,Sex ratio at birth (male births per female births),SP.POP.BRTH.MF,1.048,,,,,1.05,,,,,1.054,,,,,1.054,,,,,1.053,,,,,1.051,,,1.052,,1.052,,,,,1.053,,,,,1.049,,,,,1.047,1.047,1.047,1.047,1.047,1.047,1.047,1.048,1.048,1.049,1.049,,
Faroe Islands,FRO,Sex ratio at birth (male births per female births),SP.POP.BRTH.MF,,,,,,,,,,,,,,,,,,,,,,,,,,,,,,,,,,,,,,,,,,,,,,,,,,,,,,,,,,
"Micronesia, Fed. Sts.",FSM,Sex ratio at birth (male births per female births),SP.POP.BRTH.MF,1.07,,,,,1.07,,,,,1.07,,,,,1.07,,,,,1.07,,,,,1.07,,,1.07,,1.07,,,,,1.07,,,,,1.07,,,,,1.07,1.07,1.07,1.07,1.07,1.07,1.068,1.066,1.064,1.062,1.06,,
Gabon,GAB,Sex ratio at birth (male births per female births),SP.POP.BRTH.MF,1.03,,,,,1.03,,,,,1.03,,,,,1.03,,,,,1.03,,,,,1.03,,,1.03,,1.03,,,,,1.03,,,,,1.03,,,,,1.03,1.03,1.03,1.03,1.03,1.03,1.03,1.03,1.03,1.03,1.03,,
United Kingdom,GBR,Sex ratio at birth (male births per female births),SP.POP.BRTH.MF,1.051,,,,,1.051,,,,,1.051,,,,,1.051,,,,,1.051,,,,,1.051,,,1.051,,1.051,,,,,1.051,,,,,1.051,,,,,1.051,1.051,1.051,1.051,1.051,1.051,1.051,1.051,1.051,1.051,1.051,,
Georgia,GEO,Sex ratio at birth (male births per female births),SP.POP.BRTH.MF,1.06,,,,,1.06,,,,,1.06,,,,,1.06,,,,,1.06,,,,,1.076,,,1.076,,1.076,,,,,1.111,,,,,1.11,,,,,1.11,1.105,1.1,1.095,1.09,1.085,1.081,1.077,1.073,1.069,1.065,,
Ghana,GHA,Sex ratio at birth (male births per female births),SP.POP.BRTH.MF,1.053,,,,,1.053,,,,,1.053,,,,,1.053,,,,,1.053,,,,,1.053,,,1.053,,1.053,,,,,1.053,,,,,1.053,,,,,1.053,1.053,1.053,1.053,1.053,1.053,1.053,1.053,1.053,1.053,1.053,,
Gibraltar,GIB,Sex ratio at birth (male births per female births),SP.POP.BRTH.MF,,,,,,,,,,,,,,,,,,,,,,,,,,,,,,,,,,,,,,,,,,,,,,,,,,,,,,,,,,
Guinea,GIN,Sex ratio at birth (male births per female births),SP.POP.BRTH.MF,1.024,,,,,1.024,,,,,1.024,,,,,1.024,,,,,1.024,,,,,1.024,,,1.024,,1.024,,,,,1.024,,,,,1.024,,,,,1.024,1.024,1.024,1.024,1.024,1.024,1.024,1.024,1.024,1.024,1.024,,
"Gambia, The",GMB,Sex ratio at birth (male births per female births),SP.POP.BRTH.MF,1.03,,,,,1.03,,,,,1.03,,,,,1.03,,,,,1.03,,,,,1.03,,,1.03,,1.03,,,,,1.03,,,,,1.03,,,,,1.03,1.03,1.03,1.03,1.03,1.03,1.03,1.03,1.03,1.03,1.03,,
Guinea-Bissau,GNB,Sex ratio at birth (male births per female births),SP.POP.BRTH.MF,1.03,,,,,1.03,,,,,1.03,,,,,1.03,,,,,1.03,,,,,1.03,,,1.03,,1.03,,,,,1.03,,,,,1.03,,,,,1.03,1.03,1.03,1.03,1.03,1.03,1.03,1.03,1.03,1.03,1.03,,
Equatorial Guinea,GNQ,Sex ratio at birth (male births per female births),SP.POP.BRTH.MF,1.03,,,,,1.03,,,,,1.03,,,,,1.03,,,,,1.03,,,,,1.03,,,1.03,,1.03,,,,,1.03,,,,,1.03,,,,,1.03,1.03,1.03,1.03,1.03,1.03,1.03,1.03,1.03,1.03,1.03,,
Greece,GRC,Sex ratio at birth (male births per female births),SP.POP.BRTH.MF,1.068,,,,,1.069,,,,,1.069,,,,,1.071,,,,,1.076,,,,,1.067,,,1.067,,1.067,,,,,1.062,,,,,1.066,,,,,1.068,1.067,1.066,1.064,1.063,1.062,1.063,1.063,1.064,1.064,1.065,,
Grenada,GRD,Sex ratio at birth (male births per female births),SP.POP.BRTH.MF,1.05,,,,,1.05,,,,,1.05,,,,,1.05,,,,,1.05,,,,,1.05,,,1.05,,1.05,,,,,1.05,,,,,1.05,,,,,1.05,1.05,1.05,1.05,1.05,1.05,1.05,1.05,1.05,1.05,1.05,,
Greenland,GRL,Sex ratio at birth (male births per female births),SP.POP.BRTH.MF,,,,,,,,,,,,,,,,,,,,,,,,,,,,,,,,,,,,,,,,,,,,,,,,,,,,,,,,,,
Guatemala,GTM,Sex ratio at birth (male births per female births),SP.POP.BRTH.MF,1.05,,,,,1.05,,,,,1.05,,,,,1.05,,,,,1.05,,,,,1.05,,,1.05,,1.05,,,,,1.05,,,,,1.05,,,,,1.05,1.05,1.05,1.05,1.05,1.05,1.05,1.05,1.05,1.05,1.05,,
Guam,GUM,Sex ratio at birth (male births per female births),SP.POP.BRTH.MF,1.058,,,,,1.058,,,,,1.058,,,,,1.058,,,,,1.058,,,,,1.058,,,1.058,,1.058,,,,,1.058,,,,,1.058,,,,,1.058,1.058,1.058,1.058,1.058,1.058,1.058,1.058,1.058,1.058,1.058,,
Guyana,GUY,Sex ratio at birth (male births per female births),SP.POP.BRTH.MF,1.05,,,,,1.05,,,,,1.05,,,,,1.05,,,,,1.05,,,,,1.05,,,1.05,,1.05,,,,,1.05,,,,,1.05,,,,,1.05,1.05,1.05,1.05,1.05,1.05,1.05,1.05,1.05,1.05,1.05,,
High income,HIC,Sex ratio at birth (male births per female births),SP.POP.BRTH.MF,1.055101317,,,,,1.055547392,,,,,1.055828634,,,,,1.055430152,,,,,1.055546491,,,,,1.056214827,,,1.056709607,,1.05787889,,,,,1.055462705,,,,,1.053888674,,,,,1.052726117,1.052646044,1.052487345,1.052359292,1.052294405,1.0521763,1.051857276,1.051833723,1.051421666,1.051359838,1.051298403,,
"Hong Kong SAR, China",HKG,Sex ratio at birth (male births per female births),SP.POP.BRTH.MF,1.074,,,,,1.071,,,,,1.068,,,,,1.07,,,,,1.065,,,,,1.069,,,1.073,,1.075,,,,,1.083,,,,,1.085,,,,,1.129,1.127,1.124,1.122,1.119,1.117,1.109,1.101,1.094,1.086,1.078,,
Honduras,HND,Sex ratio at birth (male births per female births),SP.POP.BRTH.MF,1.05,,,,,1.05,,,,,1.05,,,,,1.05,,,,,1.05,,,,,1.05,,,1.05,,1.05,,,,,1.05,,,,,1.05,,,,,1.05,1.05,1.05,1.05,1.05,1.05,1.05,1.05,1.05,1.05,1.05,,
Heavily indebted poor countries (HIPC),HPC,Sex ratio at birth (male births per female births),SP.POP.BRTH.MF,1.036428485,,,,,1.036382147,,,,,1.036242902,,,,,1.036075931,,,,,1.035772825,,,,,1.035403614,,,1.035274583,,1.035388456,,,,,1.035368311,,,,,1.035394055,,,,,1.035660243,1.035698258,1.03579217,1.035836454,1.035938313,1.035988853,1.035985357,1.036019043,1.036023752,1.036050773,1.036036023,,
Croatia,HRV,Sex ratio at birth (male births per female births),SP.POP.BRTH.MF,1.059,,,,,1.059,,,,,1.059,,,,,1.059,,,,,1.059,,,,,1.059,,,1.059,,1.059,,,,,1.057,,,,,1.059,,,,,1.059,1.061,1.063,1.066,1.068,1.07,1.068,1.066,1.065,1.063,1.061,,
Haiti,HTI,Sex ratio at birth (male births per female births),SP.POP.BRTH.MF,1.05,,,,,1.05,,,,,1.05,,,,,1.05,,,,,1.05,,,,,1.05,,,1.05,,1.05,,,,,1.05,,,,,1.05,,,,,1.05,1.05,1.05,1.05,1.05,1.05,1.05,1.05,1.05,1.05,1.05,,
Hungary,HUN,Sex ratio at birth (male births per female births),SP.POP.BRTH.MF,1.06,,,,,1.06,,,,,1.06,,,,,1.06,,,,,1.06,,,,,1.06,,,1.056,,1.053,,,,,1.06,,,,,1.06,,,,,1.054,1.054,1.054,1.053,1.053,1.053,1.054,1.055,1.057,1.058,1.059,,
IBRD only,IBD,Sex ratio at birth (male births per female births),SP.POP.BRTH.MF,1.058582801,,,,,1.05866881,,,,,1.058978683,,,,,1.060683808,,,,,1.06612704,,,,,1.071741204,,,1.081138903,,1.086914442,,,,,1.094414135,,,,,1.097289331,,,,,1.095048594,1.094180838,1.092955671,1.091885832,1.090749783,1.090027037,1.089068787,1.08838306,1.087169395,1.087039641,1.085740844,,
IDA & IBRD total,IBT,Sex ratio at birth (male births per female births),SP.POP.BRTH.MF,1.055764131,,,,,1.05566915,,,,,1.055693168,,,,,1.056498874,,,,,1.060510785,,,,,1.06436313,,,1.070768377,,1.074330983,,,,,1.079049618,,,,,1.080134433,,,,,1.077442558,1.076766376,1.0758503,1.075031979,1.074196178,1.073662982,1.072944423,1.072475352,1.071581118,1.071546844,1.070557684,,
IDA total,IDA,Sex ratio at birth (male births per female births),SP.POP.BRTH.MF,1.04466387,,,,,1.044630291,,,,,1.044499029,,,,,1.044439017,,,,,1.044516323,,,,,1.044308078,,,1.044627587,,1.044897621,,,,,1.046831916,,,,,1.04831587,,,,,1.0470573,1.047040905,1.047041308,1.047140247,1.047145863,1.047139272,1.047187569,1.047250222,1.047297465,1.047327909,1.047325022,,
IDA blend,IDB,Sex ratio at birth (male births per female births),SP.POP.BRTH.MF,1.055659016,,,,,1.055489325,,,,,1.055295574,,,,,1.055196047,,,,,1.055226154,,,,,1.055306206,,,1.056089641,,1.056610652,,,,,1.061950119,,,,,1.067116984,,,,,1.063115181,1.063031651,1.062957325,1.063248534,1.06322525,1.063231483,1.063290329,1.063366236,1.063446119,1.063523152,1.063582222,,
Indonesia,IDN,Sex ratio at birth (male births per female births),SP.POP.BRTH.MF,1.05,,,,,1.05,,,,,1.05,,,,,1.05,,,,,1.05,,,,,1.05,,,1.05,,1.05,,,,,1.05,,,,,1.05,,,,,1.05,1.05,1.05,1.05,1.05,1.05,1.05,1.05,1.05,1.05,1.05,,
IDA only,IDX,Sex ratio at birth (male births per female births),SP.POP.BRTH.MF,1.039689012,,,,,1.03975098,,,,,1.039582292,,,,,1.039360978,,,,,1.03930373,,,,,1.038753251,,,1.038799105,,1.038946454,,,,,1.03925506,,,,,1.038903787,,,,,1.038875583,1.038837615,1.038838346,1.038803623,1.038799081,1.038759009,1.038749207,1.038771882,1.038786302,1.038798438,1.03877747,,
Isle of Man,IMN,Sex ratio at birth (male births per female births),SP.POP.BRTH.MF,,,,,,,,,,,,,,,,,,,,,,,,,,,,,,,,,,,,,,,,,,,,,,,,,,,,,,,,,,
India,IND,Sex ratio at birth (male births per female births),SP.POP.BRTH.MF,1.054,,,,,1.055,,,,,1.057,,,,,1.067,,,,,1.084,,,,,1.092,,,1.1,,1.106,,,,,1.111,,,,,1.112,,,,,1.101,1.101,1.1,1.1,1.099,1.099,1.099,1.099,1.099,1.099,1.099,,
Not classified,INX,Sex ratio at birth (male births per female births),SP.POP.BRTH.MF,,,,,,,,,,,,,,,,,,,,,,,,,,,,,,,,,,,,,,,,,,,,,,,,,,,,,,,,,,
Ireland,IRL,Sex ratio at birth (male births per female births),SP.POP.BRTH.MF,1.07,,,,,1.07,,,,,1.07,,,,,1.07,,,,,1.07,,,,,1.07,,,1.07,,1.07,,,,,1.07,,,,,1.07,,,,,1.06,1.06,1.06,1.06,1.06,1.06,1.06,1.06,1.06,1.06,1.06,,
"Iran, Islamic Rep.",IRN,Sex ratio at birth (male births per female births),SP.POP.BRTH.MF,1.05,,,,,1.05,,,,,1.05,,,,,1.05,,,,,1.04,,,,,1.04,,,1.04,,1.04,,,,,1.04,,,,,1.043,,,,,1.05,1.05,1.051,1.051,1.052,1.052,1.052,1.052,1.052,1.052,1.052,,
Iraq,IRQ,Sex ratio at birth (male births per female births),SP.POP.BRTH.MF,1.065,,,,,1.065,,,,,1.065,,,,,1.065,,,,,1.065,,,,,1.065,,,1.065,,1.065,,,,,1.065,,,,,1.065,,,,,1.065,1.065,1.065,1.065,1.065,1.065,1.065,1.065,1.065,1.065,1.065,,
Iceland,ISL,Sex ratio at birth (male births per female births),SP.POP.BRTH.MF,1.045,,,,,1.053,,,,,1.066,,,,,1.053,,,,,1.054,,,,,1.057,,,1.058,,1.058,,,,,1.042,,,,,1.043,,,,,1.05,1.051,1.051,1.052,1.052,1.053,1.053,1.053,1.053,1.053,1.053,,
Israel,ISR,Sex ratio at birth (male births per female births),SP.POP.BRTH.MF,1.063,,,,,1.061,,,,,1.055,,,,,1.053,,,,,1.056,,,,,1.051,,,1.054,,1.056,,,,,1.058,,,,,1.054,,,,,1.053,1.053,1.054,1.054,1.055,1.055,1.055,1.054,1.054,1.053,1.053,,
Italy,ITA,Sex ratio at birth (male births per female births),SP.POP.BRTH.MF,1.063,,,,,1.063,,,,,1.063,,,,,1.063,,,,,1.063,,,,,1.063,,,1.063,,1.063,,,,,1.063,,,,,1.063,,,,,1.063,1.063,1.063,1.063,1.063,1.063,1.063,1.063,1.063,1.063,1.063,,
Jamaica,JAM,Sex ratio at birth (male births per female births),SP.POP.BRTH.MF,1.05,,,,,1.05,,,,,1.05,,,,,1.05,,,,,1.05,,,,,1.05,,,1.05,,1.05,,,,,1.05,,,,,1.05,,,,,1.05,1.05,1.05,1.05,1.05,1.05,1.05,1.05,1.05,1.05,1.05,,
Jordan,JOR,Sex ratio at birth (male births per female births),SP.POP.BRTH.MF,1.054,,,,,1.054,,,,,1.054,,,,,1.054,,,,,1.054,,,,,1.054,,,1.054,,1.054,,,,,1.054,,,,,1.054,,,,,1.054,1.054,1.054,1.054,1.054,1.054,1.054,1.054,1.054,1.054,1.054,,
Japan,JPN,Sex ratio at birth (male births per female births),SP.POP.BRTH.MF,1.056,,,,,1.056,,,,,1.056,,,,,1.056,,,,,1.056,,,,,1.056,,,1.056,,1.056,,,,,1.056,,,,,1.056,,,,,1.056,1.056,1.056,1.056,1.056,1.056,1.056,1.056,1.056,1.056,1.056,,
Kazakhstan,KAZ,Sex ratio at birth (male births per female births),SP.POP.BRTH.MF,1.065,,,,,1.065,,,,,1.065,,,,,1.065,,,,,1.065,,,,,1.06,,,1.06,,1.06,,,,,1.063,,,,,1.057,,,,,1.06,1.06,1.06,1.061,1.061,1.061,1.062,1.063,1.065,1.066,1.067,,
Kenya,KEN,Sex ratio at birth (male births per female births),SP.POP.BRTH.MF,1.03,,,,,1.03,,,,,1.03,,,,,1.03,,,,,1.03,,,,,1.03,,,1.03,,1.03,,,,,1.03,,,,,1.03,,,,,1.03,1.03,1.03,1.03,1.03,1.03,1.03,1.03,1.03,1.03,1.03,,
Kyrgyz Republic,KGZ,Sex ratio at birth (male births per female births),SP.POP.BRTH.MF,1.056,,,,,1.056,,,,,1.056,,,,,1.056,,,,,1.056,,,,,1.051,,,1.053,,1.054,,,,,1.065,,,,,1.05,,,,,1.06,1.06,1.059,1.059,1.058,1.058,1.058,1.058,1.058,1.058,1.058,,
Cambodia,KHM,Sex ratio at birth (male births per female births),SP.POP.BRTH.MF,1.041,,,,,1.043,,,,,1.041,,,,,1.04,,,,,1.049,,,,,1.035,,,1.036,,1.036,,,,,1.037,,,,,1.034,,,,,1.064,1.061,1.058,1.055,1.052,1.049,1.049,1.049,1.049,1.049,1.049,,
Kiribati,KIR,Sex ratio at birth (male births per female births),SP.POP.BRTH.MF,1.05,,,,,1.05,,,,,1.05,,,,,1.05,,,,,1.07,,,,,1.07,,,1.07,,1.07,,,,,1.07,,,,,1.07,,,,,1.07,1.07,1.07,1.07,1.07,1.07,1.068,1.066,1.064,1.062,1.06,,
St. Kitts and Nevis,KNA,Sex ratio at birth (male births per female births),SP.POP.BRTH.MF,,,,,,,,,,,,,,,,,,,,,,,,,,,,,,,,,,,,,,,,,,,,,,,,,,,,,,,,,,
"Korea, Rep.",KOR,Sex ratio at birth (male births per female births),SP.POP.BRTH.MF,1.063,,,,,1.063,,,,,1.062,,,,,1.062,,,,,1.078,,,,,1.118,,,1.132,,1.142,,,,,1.104,,,,,1.09,,,,,1.067,1.065,1.063,1.061,1.059,1.057,1.057,1.056,1.056,1.055,1.055,,
Kuwait,KWT,Sex ratio at birth (male births per female births),SP.POP.BRTH.MF,1.038,,,,,1.04,,,,,1.04,,,,,1.04,,,,,1.04,,,,,1.04,,,1.04,,1.04,,,,,1.042,,,,,1.045,,,,,1.045,1.045,1.045,1.045,1.045,1.045,1.045,1.045,1.045,1.045,1.045,,
Latin America & Caribbean (excluding high income),LAC,Sex ratio at birth (male births per female births),SP.POP.BRTH.MF,1.049663466,,,,,1.049670866,,,,,1.049601957,,,,,1.04949283,,,,,1.04949496,,,,,1.049497118,,,1.049476996,,1.049466101,,,,,1.049462428,,,,,1.049436881,,,,,1.049394468,1.049387447,1.049381086,1.049377203,1.04937137,1.04936615,1.049361277,1.049356552,1.049351832,1.049347001,1.049342222,,
Lao PDR,LAO,Sex ratio at birth (male births per female births),SP.POP.BRTH.MF,1.05,,,,,1.05,,,,,1.05,,,,,1.05,,,,,1.05,,,,,1.05,,,1.05,,1.05,,,,,1.05,,,,,1.05,,,,,1.05,1.05,1.05,1.05,1.05,1.05,1.05,1.05,1.05,1.05,1.05,,
Lebanon,LBN,Sex ratio at birth (male births per female births),SP.POP.BRTH.MF,1.05,,,,,1.05,,,,,1.05,,,,,1.05,,,,,1.05,,,,,1.05,,,1.05,,1.05,,,,,1.05,,,,,1.05,,,,,1.05,1.05,1.05,1.05,1.05,1.05,1.05,1.05,1.05,1.05,1.05,,
Liberia,LBR,Sex ratio at birth (male births per female births),SP.POP.BRTH.MF,1.054,,,,,1.054,,,,,1.054,,,,,1.054,,,,,1.054,,,,,1.054,,,1.054,,1.054,,,,,1.054,,,,,1.054,,,,,1.054,1.054,1.054,1.054,1.054,1.054,1.054,1.054,1.054,1.054,1.054,,
Libya,LBY,Sex ratio at birth (male births per female births),SP.POP.BRTH.MF,1.054,,,,,1.054,,,,,1.054,,,,,1.054,,,,,1.054,,,,,1.054,,,1.056,,1.058,,,,,1.061,,,,,1.062,,,,,1.059,1.059,1.059,1.06,1.06,1.06,1.06,1.06,1.06,1.06,1.06,,
St. Lucia,LCA,Sex ratio at birth (male births per female births),SP.POP.BRTH.MF,1.03,,,,,1.03,,,,,1.03,,,,,1.03,,,,,1.03,,,,,1.03,,,1.03,,1.03,,,,,1.03,,,,,1.03,,,,,1.03,1.03,1.03,1.03,1.03,1.03,1.03,1.03,1.03,1.03,1.03,,
Latin America & Caribbean,LCN,Sex ratio at birth (male births per female births),SP.POP.BRTH.MF,1.04934625,,,,,1.04938345,,,,,1.049344035,,,,,1.049261262,,,,,1.04926934,,,,,1.049264382,,,1.049241084,,1.049232309,,,,,1.049247441,,,,,1.049234315,,,,,1.049183157,1.04917359,1.049165066,1.049159217,1.04915279,1.04914769,1.049143858,1.049140849,1.049137663,1.049134148,1.049129789,,
Least developed countries: UN classification,LDC,Sex ratio at birth (male births per female births),SP.POP.BRTH.MF,1.038405707,,,,,1.038517118,,,,,1.03835371,,,,,1.03810163,,,,,1.038024342,,,,,1.037420076,,,1.037430226,,1.037576005,,,,,1.03787655,,,,,1.037497062,,,,,1.037340216,1.037356314,1.037422892,1.037455674,1.03754039,1.037588331,1.037592379,1.037627652,1.037656392,1.037685765,1.037679394,,
Low income,LIC,Sex ratio at birth (male births per female births),SP.POP.BRTH.MF,1.037665706,,,,,1.037642884,,,,,1.037464123,,,,,1.037091672,,,,,1.036796839,,,,,1.036467349,,,1.036633086,,1.036951913,,,,,1.037641016,,,,,1.03744258,,,,,1.036985327,1.03701068,1.037094039,1.037114848,1.037193025,1.037209011,1.037225256,1.03728276,1.037333794,1.037387529,1.037395454,,
Liechtenstein,LIE,Sex ratio at birth (male births per female births),SP.POP.BRTH.MF,,,,,,,,,,,,,,,,,,,,,,,,,,,,,,,,,,,,,,,,,,,,,,,,,,,,,,,,,,
Sri Lanka,LKA,Sex ratio at birth (male births per female births),SP.POP.BRTH.MF,1.036,,,,,1.035,,,,,1.038,,,,,1.04,,,,,1.045,,,,,1.046,,,1.042,,1.039,,,,,1.044,,,,,1.045,,,,,1.044,1.043,1.042,1.042,1.041,1.04,1.04,1.04,1.039,1.039,1.039,,
Lower middle income,LMC,Sex ratio at birth (male births per female births),SP.POP.BRTH.MF,1.052939569,,,,,1.053264597,,,,,1.054074674,,,,,1.058632221,,,,,1.066542871,,,,,1.07005083,,,1.073732732,,1.076479508,,,,,1.079714328,,,,,1.081037618,,,,,1.075513779,1.075341896,1.074736386,1.074637657,1.074049625,1.073891206,1.073654218,1.073435873,1.073247435,1.073109479,1.073013988,,
Low & middle income,LMY,Sex ratio at birth (male births per female births),SP.POP.BRTH.MF,1.055800848,,,,,1.055698147,,,,,1.05571768,,,,,1.056533933,,,,,1.060565817,,,,,1.064426502,,,1.070836473,,1.074401964,,,,,1.079105159,,,,,1.080177252,,,,,1.077498009,1.076827159,1.075909205,1.075087993,1.074245325,1.073708909,1.072986414,1.07251676,1.071619269,1.071586016,1.070597462,,
Lesotho,LSO,Sex ratio at birth (male births per female births),SP.POP.BRTH.MF,1.027,,,,,1.026,,,,,1.027,,,,,1.028,,,,,1.028,,,,,1.029,,,1.029,,1.029,,,,,1.029,,,,,1.03,,,,,1.029,1.029,1.028,1.028,1.027,1.027,1.027,1.027,1.027,1.027,1.027,,
Late-demographic dividend,LTE,Sex ratio at birth (male births per female births),SP.POP.BRTH.MF,1.0639512,,,,,1.063944273,,,,,1.063986656,,,,,1.06228244,,,,,1.063064936,,,,,1.069947892,,,1.085119347,,1.094189813,,,,,1.107907346,,,,,1.116942525,,,,,1.123531419,1.121221436,1.119023191,1.116579572,1.114603449,1.112610407,1.110436615,1.10854351,1.105881199,1.104916959,1.102014015,,
Lithuania,LTU,Sex ratio at birth (male births per female births),SP.POP.BRTH.MF,1.054,,,,,1.048,,,,,1.044,,,,,1.047,,,,,1.053,,,,,1.058,,,1.056,,1.054,,,,,1.063,,,,,1.057,,,,,1.047,1.048,1.049,1.05,1.051,1.052,1.054,1.055,1.057,1.058,1.06,,
Luxembourg,LUX,Sex ratio at birth (male births per female births),SP.POP.BRTH.MF,1.043,,,,,1.048,,,,,1.04,,,,,1.049,,,,,1.045,,,,,1.052,,,1.049,,1.047,,,,,1.053,,,,,1.049,,,,,1.054,1.052,1.051,1.049,1.048,1.046,1.046,1.046,1.046,1.046,1.046,,
Latvia,LVA,Sex ratio at birth (male births per female births),SP.POP.BRTH.MF,1.067,,,,,1.057,,,,,1.056,,,,,1.058,,,,,1.055,,,,,1.055,,,1.051,,1.049,,,,,1.066,,,,,1.052,,,,,1.041,1.045,1.048,1.052,1.055,1.059,1.061,1.062,1.064,1.065,1.067,,
"Macao SAR, China",MAC,Sex ratio at birth (male births per female births),SP.POP.BRTH.MF,1.05,,,,,1.05,,,,,1.05,,,,,1.05,,,,,1.05,,,,,1.05,,,1.05,,1.05,,,,,1.05,,,,,1.05,,,,,1.05,1.05,1.05,1.05,1.05,1.05,1.05,1.05,1.05,1.05,1.05,,
St. Martin (French part),MAF,Sex ratio at birth (male births per female births),SP.POP.BRTH.MF,,,,,,,,,,,,,,,,,,,,,,,,,,,,,,,,,,,,,,,,,,,,,,,,,,,,,,,,,,
Morocco,MAR,Sex ratio at birth (male births per female births),SP.POP.BRTH.MF,1.05,,,,,1.05,,,,,1.05,,,,,1.05,,,,,1.05,,,,,1.054,,,1.056,,1.058,,,,,1.061,,,,,1.062,,,,,1.059,1.059,1.059,1.06,1.06,1.06,1.06,1.06,1.06,1.06,1.06,,
Monaco,MCO,Sex ratio at birth (male births per female births),SP.POP.BRTH.MF,,,,,,,,,,,,,,,,,,,,,,,,,,,,,,,,,,,,,,,,,,,,,,,,,,,,,,,,,,
Moldova,MDA,Sex ratio at birth (male births per female births),SP.POP.BRTH.MF,1.061,,,,,1.061,,,,,1.061,,,,,1.061,,,,,1.061,,,,,1.061,,,1.059,,1.058,,,,,1.052,,,,,1.063,,,,,1.056,1.057,1.057,1.058,1.058,1.059,1.059,1.059,1.058,1.058,1.058,,
Madagascar,MDG,Sex ratio at birth (male births per female births),SP.POP.BRTH.MF,1.016,,,,,1.016,,,,,1.016,,,,,1.016,,,,,1.016,,,,,1.016,,,1.016,,1.016,,,,,1.016,,,,,1.02,,,,,1.025,1.026,1.027,1.028,1.029,1.03,1.03,1.03,1.03,1.03,1.03,,
Maldives,MDV,Sex ratio at birth (male births per female births),SP.POP.BRTH.MF,1.058,,,,,1.058,,,,,1.058,,,,,1.062,,,,,1.057,,,,,1.053,,,1.071,,1.083,,,,,1.062,,,,,1.057,,,,,1.064,1.067,1.07,1.074,1.077,1.08,1.078,1.077,1.075,1.074,1.072,,
Middle East & North Africa,MEA,Sex ratio at birth (male births per female births),SP.POP.BRTH.MF,1.052734663,,,,,1.052771528,,,,,1.052786672,,,,,1.052609207,,,,,1.050071178,,,,,1.050502492,,,1.051058389,,1.051670952,,,,,1.05264937,,,,,1.054781599,,,,,1.05539033,1.055364131,1.055526543,1.055634347,1.055827133,1.055852587,1.055635017,1.055370659,1.054824059,1.054518546,1.054229425,,
Mexico,MEX,Sex ratio at birth (male births per female births),SP.POP.BRTH.MF,1.05,,,,,1.05,,,,,1.05,,,,,1.05,,,,,1.05,,,,,1.05,,,1.05,,1.05,,,,,1.05,,,,,1.05,,,,,1.05,1.05,1.05,1.05,1.05,1.05,1.05,1.05,1.05,1.05,1.05,,
Marshall Islands,MHL,Sex ratio at birth (male births per female births),SP.POP.BRTH.MF,,,,,,,,,,,,,,,,,,,,,,,,,,,,,,,,,,,,,,,,,,,,,,,,,,,,,,,,,,
Middle income,MIC,Sex ratio at birth (male births per female births),SP.POP.BRTH.MF,1.057484003,,,,,1.057474396,,,,,1.057639587,,,,,1.058874837,,,,,1.063455663,,,,,1.067986082,,,1.075547125,,1.07996064,,,,,1.086061286,,,,,1.088264846,,,,,1.085808003,1.085094088,1.084079525,1.083211651,1.082269745,1.081680077,1.080887539,1.080356428,1.079368982,1.079327647,1.078269413,,
North Macedonia,MKD,Sex ratio at birth (male births per female births),SP.POP.BRTH.MF,1.054,,,,,1.054,,,,,1.054,,,,,1.054,,,,,1.054,,,,,1.054,,,1.054,,1.054,,,,,1.054,,,,,1.054,,,,,1.07,1.071,1.073,1.074,1.076,1.077,1.074,1.072,1.069,1.067,1.064,,
Mali,MLI,Sex ratio at birth (male births per female births),SP.POP.BRTH.MF,1.05,,,,,1.05,,,,,1.05,,,,,1.05,,,,,1.05,,,,,1.05,,,1.05,,1.05,,,,,1.05,,,,,1.05,,,,,1.05,1.05,1.05,1.05,1.05,1.05,1.05,1.05,1.05,1.05,1.05,,
Malta,MLT,Sex ratio at birth (male births per female births),SP.POP.BRTH.MF,1.06,,,,,1.06,,,,,1.06,,,,,1.06,,,,,1.06,,,,,1.06,,,1.06,,1.06,,,,,1.06,,,,,1.06,,,,,1.06,1.06,1.06,1.06,1.06,1.06,1.06,1.06,1.06,1.06,1.06,,
Myanmar,MMR,Sex ratio at birth (male births per female births),SP.POP.BRTH.MF,1.03,,,,,1.03,,,,,1.03,,,,,1.03,,,,,1.03,,,,,1.03,,,1.03,,1.03,,,,,1.03,,,,,1.03,,,,,1.03,1.03,1.03,1.03,1.03,1.03,1.03,1.03,1.03,1.03,1.03,,
Middle East & North Africa (excluding high income),MNA,Sex ratio at birth (male births per female births),SP.POP.BRTH.MF,1.053649493,,,,,1.05381128,,,,,1.054047001,,,,,1.05404325,,,,,1.051403659,,,,,1.052105748,,,1.052745917,,1.053377104,,,,,1.054514068,,,,,1.056975211,,,,,1.05767246,1.057627279,1.057764323,1.057858797,1.05802424,1.058025288,1.057750887,1.057449852,1.056814876,1.056477077,1.056138885,,
Montenegro,MNE,Sex ratio at birth (male births per female births),SP.POP.BRTH.MF,1.08,,,,,1.08,,,,,1.08,,,,,1.08,,,,,1.08,,,,,1.081,,,1.089,,1.095,,,,,1.099,,,,,1.098,,,,,1.095,1.093,1.091,1.088,1.086,1.084,1.082,1.08,1.078,1.076,1.074,,
Mongolia,MNG,Sex ratio at birth (male births per female births),SP.POP.BRTH.MF,1.03,,,,,1.03,,,,,1.03,,,,,1.03,,,,,1.03,,,,,1.03,,,1.03,,1.03,,,,,1.03,,,,,1.03,,,,,1.03,1.03,1.03,1.03,1.03,1.03,1.03,1.03,1.03,1.03,1.03,,
Northern Mariana Islands,MNP,Sex ratio at birth (male births per female births),SP.POP.BRTH.MF,,,,,,,,,,,,,,,,,,,,,,,,,,,,,,,,,,,,,,,,,,,,,,,,,,,,,,,,,,
Mozambique,MOZ,Sex ratio at birth (male births per female births),SP.POP.BRTH.MF,1.02,,,,,1.021,,,,,1.021,,,,,1.021,,,,,1.021,,,,,1.021,,,1.02,,1.019,,,,,1.013,,,,,1.013,,,,,1.015,1.015,1.016,1.016,1.017,1.017,1.017,1.018,1.018,1.019,1.019,,
Mauritania,MRT,Sex ratio at birth (male births per female births),SP.POP.BRTH.MF,1.05,,,,,1.05,,,,,1.05,,,,,1.05,,,,,1.05,,,,,1.05,,,1.05,,1.05,,,,,1.05,,,,,1.05,,,,,1.05,1.05,1.05,1.05,1.05,1.05,1.05,1.05,1.05,1.05,1.05,,
Mauritius,MUS,Sex ratio at birth (male births per female births),SP.POP.BRTH.MF,1.042,,,,,1.042,,,,,1.042,,,,,1.042,,,,,1.042,,,,,1.042,,,1.042,,1.042,,,,,1.042,,,,,1.042,,,,,1.042,1.042,1.042,1.042,1.042,1.042,1.042,1.042,1.042,1.042,1.042,,
Malawi,MWI,Sex ratio at birth (male births per female births),SP.POP.BRTH.MF,1.02,,,,,1.02,,,,,1.02,,,,,1.02,,,,,1.02,,,,,1.02,,,1.02,,1.02,,,,,1.02,,,,,1.02,,,,,1.025,1.026,1.027,1.028,1.029,1.03,1.03,1.03,1.03,1.03,1.03,,
Malaysia,MYS,Sex ratio at birth (male births per female births),SP.POP.BRTH.MF,1.06,,,,,1.06,,,,,1.06,,,,,1.06,,,,,1.06,,,,,1.06,,,1.06,,1.06,,,,,1.06,,,,,1.06,,,,,1.06,1.06,1.06,1.06,1.06,1.06,1.06,1.06,1.06,1.06,1.06,,
North America,NAC,Sex ratio at birth (male births per female births),SP.POP.BRTH.MF,1.050504648,,,,,1.052285141,,,,,1.053681685,,,,,1.052398283,,,,,1.051466763,,,,,1.050182008,,,1.049453055,,1.049653113,,,,,1.048493395,,,,,1.048453551,,,,,1.048393884,1.048405452,1.048420229,1.048514863,1.048522838,1.048528317,1.048528937,1.048526376,1.04752581,1.047531092,1.047535992,,
Namibia,NAM,Sex ratio at birth (male births per female births),SP.POP.BRTH.MF,1.012,,,,,1.012,,,,,1.011,,,,,1.009,,,,,1.007,,,,,1.004,,,1.004,,1.004,,,,,1.006,,,,,1.008,,,,,1.009,1.009,1.009,1.009,1.009,1.009,1.009,1.01,1.01,1.011,1.011,,
New Caledonia,NCL,Sex ratio at birth (male births per female births),SP.POP.BRTH.MF,1.05,,,,,1.05,,,,,1.05,,,,,1.05,,,,,1.05,,,,,1.05,,,1.05,,1.05,,,,,1.05,,,,,1.05,,,,,1.05,1.05,1.05,1.05,1.05,1.05,1.05,1.05,1.05,1.05,1.05,,
Niger,NER,Sex ratio at birth (male births per female births),SP.POP.BRTH.MF,1.05,,,,,1.05,,,,,1.05,,,,,1.05,,,,,1.05,,,,,1.05,,,1.05,,1.05,,,,,1.05,,,,,1.05,,,,,1.05,1.05,1.05,1.05,1.05,1.05,1.05,1.05,1.05,1.05,1.05,,
Nigeria,NGA,Sex ratio at birth (male births per female births),SP.POP.BRTH.MF,1.059,,,,,1.059,,,,,1.059,,,,,1.059,,,,,1.059,,,,,1.059,,,1.059,,1.059,,,,,1.059,,,,,1.059,,,,,1.059,1.059,1.059,1.059,1.059,1.059,1.059,1.059,1.059,1.059,1.059,,
Nicaragua,NIC,Sex ratio at birth (male births per female births),SP.POP.BRTH.MF,1.05,,,,,1.05,,,,,1.05,,,,,1.05,,,,,1.05,,,,,1.05,,,1.05,,1.05,,,,,1.05,,,,,1.05,,,,,1.05,1.05,1.05,1.05,1.05,1.05,1.05,1.05,1.05,1.05,1.05,,
Netherlands,NLD,Sex ratio at birth (male births per female births),SP.POP.BRTH.MF,1.058,,,,,1.058,,,,,1.058,,,,,1.058,,,,,1.058,,,,,1.058,,,1.058,,1.058,,,,,1.058,,,,,1.058,,,,,1.058,1.057,1.057,1.056,1.056,1.055,1.055,1.054,1.054,1.053,1.053,,
Norway,NOR,Sex ratio at birth (male births per female births),SP.POP.BRTH.MF,1.063,,,,,1.064,,,,,1.054,,,,,1.058,,,,,1.058,,,,,1.053,,,1.058,,1.061,,,,,1.058,,,,,1.051,,,,,1.056,1.056,1.055,1.055,1.054,1.054,1.055,1.056,1.056,1.057,1.058,,
Nepal,NPL,Sex ratio at birth (male births per female births),SP.POP.BRTH.MF,1.045,,,,,1.045,,,,,1.045,,,,,1.045,,,,,1.045,,,,,1.045,,,1.05,,1.054,,,,,1.071,,,,,1.071,,,,,1.054,1.054,1.054,1.054,1.054,1.054,1.056,1.058,1.061,1.063,1.065,,
Nauru,NRU,Sex ratio at birth (male births per female births),SP.POP.BRTH.MF,,,,,,,,,,,,,,,,,,,,,,,,,,,,,,,,,,,,,,,,,,,,,,,,,,,,,,,,,,
New Zealand,NZL,Sex ratio at birth (male births per female births),SP.POP.BRTH.MF,1.056,,,,,1.05,,,,,1.05,,,,,1.052,,,,,1.056,,,,,1.051,,,1.058,,1.063,,,,,1.057,,,,,1.047,,,,,1.056,1.056,1.056,1.056,1.056,1.056,1.056,1.056,1.055,1.055,1.055,,
OECD members,OED,Sex ratio at birth (male births per female births),SP.POP.BRTH.MF,1.054251971,,,,,1.054627728,,,,,1.054877736,,,,,1.054495373,,,,,1.054730686,,,,,1.055231842,,,1.055556059,,1.056444167,,,,,1.05435051,,,,,1.053081563,,,,,1.052141432,1.05210789,1.05202536,1.051980794,1.051883894,1.051787258,1.051752533,1.051744109,1.051419052,1.051420031,1.051435406,,
Oman,OMN,Sex ratio at birth (male births per female births),SP.POP.BRTH.MF,1.05,,,,,1.05,,,,,1.05,,,,,1.05,,,,,1.05,,,,,1.05,,,1.05,,1.05,,,,,1.05,,,,,1.05,,,,,1.05,1.05,1.05,1.05,1.05,1.05,1.05,1.05,1.05,1.05,1.05,,
Other small states,OSS,Sex ratio at birth (male births per female births),SP.POP.BRTH.MF,1.039390842,,,,,1.037270032,,,,,1.037119636,,,,,1.036520088,,,,,1.035884059,,,,,1.035734587,,,1.035862175,,1.03579694,,,,,1.034890797,,,,,1.034633132,,,,,1.034586038,1.034468736,1.03424999,1.034112158,1.033899631,1.033776956,1.033757938,1.033858185,1.033915856,1.03404118,1.034063011,,
Pakistan,PAK,Sex ratio at birth (male births per female births),SP.POP.BRTH.MF,1.064,,,,,1.064,,,,,1.064,,,,,1.064,,,,,1.064,,,,,1.064,,,1.064,,1.064,,,,,1.08,,,,,1.096,,,,,1.086,1.086,1.086,1.087,1.087,1.087,1.087,1.087,1.087,1.087,1.087,,
Panama,PAN,Sex ratio at birth (male births per female births),SP.POP.BRTH.MF,1.05,,,,,1.05,,,,,1.05,,,,,1.05,,,,,1.05,,,,,1.05,,,1.05,,1.05,,,,,1.05,,,,,1.05,,,,,1.05,1.05,1.05,1.05,1.05,1.05,1.05,1.05,1.05,1.05,1.05,,
Peru,PER,Sex ratio at birth (male births per female births),SP.POP.BRTH.MF,1.05,,,,,1.05,,,,,1.05,,,,,1.05,,,,,1.05,,,,,1.05,,,1.05,,1.05,,,,,1.05,,,,,1.05,,,,,1.05,1.05,1.05,1.05,1.05,1.05,1.05,1.05,1.05,1.05,1.05,,
Philippines,PHL,Sex ratio at birth (male births per female births),SP.POP.BRTH.MF,1.06,,,,,1.06,,,,,1.06,,,,,1.06,,,,,1.06,,,,,1.06,,,1.06,,1.06,,,,,1.06,,,,,1.06,,,,,1.06,1.06,1.06,1.06,1.06,1.06,1.06,1.06,1.06,1.06,1.06,,
Palau,PLW,Sex ratio at birth (male births per female births),SP.POP.BRTH.MF,,,,,,,,,,,,,,,,,,,,,,,,,,,,,,,,,,,,,,,,,,,,,,,,,,,,,,,,,,
Papua New Guinea,PNG,Sex ratio at birth (male births per female births),SP.POP.BRTH.MF,1.08,,,,,1.08,,,,,1.08,,,,,1.08,,,,,1.08,,,,,1.08,,,1.08,,1.08,,,,,1.08,,,,,1.08,,,,,1.08,1.08,1.08,1.08,1.08,1.08,1.08,1.08,1.08,1.08,1.08,,
Poland,POL,Sex ratio at birth (male births per female births),SP.POP.BRTH.MF,1.056,,,,,1.056,,,,,1.056,,,,,1.056,,,,,1.056,,,,,1.056,,,1.056,,1.056,,,,,1.056,,,,,1.056,,,,,1.056,1.056,1.056,1.056,1.056,1.056,1.056,1.056,1.056,1.056,1.056,,
Pre-demographic dividend,PRE,Sex ratio at birth (male births per female births),SP.POP.BRTH.MF,1.040572695,,,,,1.040562573,,,,,1.040515086,,,,,1.040431326,,,,,1.040161728,,,,,1.039775464,,,1.039614879,,1.039614829,,,,,1.039512726,,,,,1.039653137,,,,,1.03989929,1.040001423,1.040144701,1.040265306,1.040425759,1.040557022,1.040567988,1.040602067,1.040591712,1.040602527,1.04057365,,
Puerto Rico,PRI,Sex ratio at birth (male births per female births),SP.POP.BRTH.MF,1.053,,,,,1.053,,,,,1.053,,,,,1.053,,,,,1.053,,,,,1.053,,,1.053,,1.053,,,,,1.053,,,,,1.053,,,,,1.053,1.053,1.053,1.053,1.053,1.053,1.053,1.053,1.053,1.053,1.053,,
"Korea, Dem. People’s Rep.",PRK,Sex ratio at birth (male births per female births),SP.POP.BRTH.MF,1.05,,,,,1.05,,,,,1.05,,,,,1.05,,,,,1.05,,,,,1.05,,,1.05,,1.05,,,,,1.05,,,,,1.05,,,,,1.05,1.05,1.05,1.05,1.05,1.05,1.05,1.05,1.05,1.05,1.05,,
Portugal,PRT,Sex ratio at birth (male births per female births),SP.POP.BRTH.MF,1.06,,,,,1.06,,,,,1.06,,,,,1.06,,,,,1.06,,,,,1.06,,,1.06,,1.06,,,,,1.06,,,,,1.06,,,,,1.06,1.06,1.06,1.06,1.06,1.06,1.06,1.06,1.06,1.06,1.06,,
Paraguay,PRY,Sex ratio at birth (male births per female births),SP.POP.BRTH.MF,1.05,,,,,1.05,,,,,1.05,,,,,1.05,,,,,1.05,,,,,1.05,,,1.05,,1.05,,,,,1.05,,,,,1.05,,,,,1.05,1.05,1.05,1.05,1.05,1.05,1.05,1.05,1.05,1.05,1.05,,
West Bank and Gaza,PSE,Sex ratio at birth (male births per female births),SP.POP.BRTH.MF,,,,,,,,,,,,,,,,,,,,,,,,,,,,,1.05,,1.05,,,,,1.05,,,,,1.05,,,,,1.05,1.05,1.05,1.05,1.05,1.05,1.05,1.05,1.05,1.05,1.05,,
Pacific island small states,PSS,Sex ratio at birth (male births per female births),SP.POP.BRTH.MF,1.064176446,,,,,1.064559513,,,,,1.065001006,,,,,1.064877564,,,,,1.065564021,,,,,1.065779544,,,1.065930935,,1.065993119,,,,,1.066207273,,,,,1.066379411,,,,,1.066568064,1.066584863,1.066602865,1.066627357,1.066661204,1.066703488,1.066104101,1.065490194,1.064859567,1.064213739,1.063555688,,
Post-demographic dividend,PST,Sex ratio at birth (male births per female births),SP.POP.BRTH.MF,1.056041116,,,,,1.056390254,,,,,1.056612342,,,,,1.056155192,,,,,1.056535955,,,,,1.057561966,,,1.057963332,,1.0591747,,,,,1.05667855,,,,,1.054978166,,,,,1.054031915,1.054082652,1.054000714,1.054011651,1.053932458,1.053849511,1.053545908,1.053453384,1.052963576,1.052873021,1.052761217,,
French Polynesia,PYF,Sex ratio at birth (male births per female births),SP.POP.BRTH.MF,1.05,,,,,1.05,,,,,1.05,,,,,1.05,,,,,1.05,,,,,1.05,,,1.05,,1.05,,,,,1.05,,,,,1.05,,,,,1.05,1.05,1.05,1.05,1.05,1.05,1.05,1.049,1.049,1.048,1.048,,
Qatar,QAT,Sex ratio at birth (male births per female births),SP.POP.BRTH.MF,1.05,,,,,1.05,,,,,1.05,,,,,1.05,,,,,1.05,,,,,1.052,,,1.052,,1.052,,,,,1.05,,,,,1.048,,,,,1.045,1.045,1.045,1.045,1.045,1.045,1.045,1.045,1.045,1.045,1.045,,
Romania,ROU,Sex ratio at birth (male births per female births),SP.POP.BRTH.MF,1.058,,,,,1.058,,,,,1.058,,,,,1.058,,,,,1.058,,,,,1.058,,,1.058,,1.058,,,,,1.058,,,,,1.058,,,,,1.058,1.058,1.058,1.058,1.058,1.058,1.058,1.058,1.058,1.058,1.058,,
Russian Federation,RUS,Sex ratio at birth (male births per female births),SP.POP.BRTH.MF,1.053,,,,,1.05,,,,,1.049,,,,,1.05,,,,,1.049,,,,,1.053,,,1.056,,1.058,,,,,1.06,,,,,1.062,,,,,1.058,1.058,1.058,1.059,1.059,1.059,1.059,1.059,1.059,1.059,1.059,,
Rwanda,RWA,Sex ratio at birth (male births per female births),SP.POP.BRTH.MF,1.01,,,,,1.01,,,,,1.01,,,,,1.01,,,,,1.01,,,,,1.01,,,1.01,,1.01,,,,,1.01,,,,,1.01,,,,,1.01,1.011,1.013,1.014,1.016,1.017,1.018,1.019,1.021,1.022,1.023,,
South Asia,SAS,Sex ratio at birth (male births per female births),SP.POP.BRTH.MF,1.054020405,,,,,1.054784623,,,,,1.056375726,,,,,1.063982306,,,,,1.076794459,,,,,1.082707331,,,1.088546027,,1.09286472,,,,,1.098628809,,,,,1.101401194,,,,,1.091841104,1.091810261,1.091044918,1.09113355,1.090351029,1.090278689,1.090251391,1.090237076,1.090245603,1.09026449,1.090295121,,
Saudi Arabia,SAU,Sex ratio at birth (male births per female births),SP.POP.BRTH.MF,1.03,,,,,1.03,,,,,1.03,,,,,1.03,,,,,1.03,,,,,1.03,,,1.03,,1.03,,,,,1.03,,,,,1.03,,,,,1.03,1.03,1.03,1.03,1.03,1.03,1.03,1.03,1.03,1.03,1.03,,
Sudan,SDN,Sex ratio at birth (male births per female births),SP.POP.BRTH.MF,1.04,,,,,1.04,,,,,1.04,,,,,1.04,,,,,1.04,,,,,1.04,,,1.04,,1.04,,,,,1.04,,,,,1.04,,,,,1.04,1.04,1.04,1.04,1.04,1.04,1.04,1.04,1.04,1.04,1.04,,
Senegal,SEN,Sex ratio at birth (male births per female births),SP.POP.BRTH.MF,1.036,,,,,1.036,,,,,1.036,,,,,1.036,,,,,1.036,,,,,1.036,,,1.036,,1.036,,,,,1.036,,,,,1.036,,,,,1.036,1.036,1.036,1.036,1.036,1.036,1.036,1.036,1.036,1.036,1.036,,
Singapore,SGP,Sex ratio at birth (male births per female births),SP.POP.BRTH.MF,1.073,,,,,1.073,,,,,1.073,,,,,1.073,,,,,1.073,,,,,1.073,,,1.073,,1.073,,,,,1.073,,,,,1.073,,,,,1.073,1.073,1.073,1.073,1.073,1.073,1.073,1.073,1.073,1.073,1.073,,
Solomon Islands,SLB,Sex ratio at birth (male births per female births),SP.POP.BRTH.MF,1.07,,,,,1.07,,,,,1.07,,,,,1.07,,,,,1.07,,,,,1.07,,,1.07,,1.07,,,,,1.07,,,,,1.07,,,,,1.07,1.07,1.07,1.07,1.07,1.07,1.069,1.068,1.067,1.066,1.065,,
Sierra Leone,SLE,Sex ratio at birth (male births per female births),SP.POP.BRTH.MF,1.018,,,,,1.018,,,,,1.018,,,,,1.018,,,,,1.018,,,,,1.018,,,1.018,,1.018,,,,,1.018,,,,,1.018,,,,,1.018,1.018,1.018,1.018,1.018,1.018,1.018,1.018,1.018,1.018,1.018,,
El Salvador,SLV,Sex ratio at birth (male births per female births),SP.POP.BRTH.MF,1.05,,,,,1.05,,,,,1.05,,,,,1.05,,,,,1.05,,,,,1.05,,,1.05,,1.05,,,,,1.05,,,,,1.05,,,,,1.05,1.05,1.05,1.05,1.05,1.05,1.05,1.05,1.05,1.05,1.05,,
San Marino,SMR,Sex ratio at birth (male births per female births),SP.POP.BRTH.MF,,,,,,,,,,,,,,,,,,,,,,,,,,,,,,,,,,,,,,,,,,,,,,,,,,,,,,,,,,
Somalia,SOM,Sex ratio at birth (male births per female births),SP.POP.BRTH.MF,1.03,,,,,1.03,,,,,1.03,,,,,1.03,,,,,1.03,,,,,1.03,,,1.03,,1.03,,,,,1.03,,,,,1.03,,,,,1.03,1.03,1.03,1.03,1.03,1.03,1.03,1.03,1.03,1.03,1.03,,
Serbia,SRB,Sex ratio at birth (male births per female births),SP.POP.BRTH.MF,,,,,,,,,,,,,,,,,,,,,,,,,,,,,1.052,,1.052,,,,,1.052,,,,,1.062,,,,,1.07,1.07,1.07,1.071,1.071,1.071,1.071,1.072,1.072,1.073,1.073,,
Sub-Saharan Africa (excluding high income),SSA,Sex ratio at birth (male births per female births),SP.POP.BRTH.MF,1.037973256,,,,,1.037914024,,,,,1.037857666,,,,,1.037881714,,,,,1.037788794,,,,,1.037590963,,,1.037482036,,1.037518681,,,,,1.037409454,,,,,1.037459287,,,,,1.037711289,1.03783143,1.037993197,1.038121565,1.038288865,1.038419606,1.038445389,1.038498835,1.038529442,1.038576296,1.03858977,,
South Sudan,SSD,Sex ratio at birth (male births per female births),SP.POP.BRTH.MF,1.04,,,,,1.04,,,,,1.04,,,,,1.04,,,,,1.04,,,,,1.04,,,1.04,,1.04,,,,,1.04,,,,,1.04,,,,,1.04,1.04,1.04,1.04,1.04,1.04,1.04,1.04,1.04,1.04,1.04,,
Sub-Saharan Africa,SSF,Sex ratio at birth (male births per female births),SP.POP.BRTH.MF,1.037973256,,,,,1.037914024,,,,,1.037860318,,,,,1.03788386,,,,,1.03779063,,,,,1.037592746,,,1.037483647,,1.03752022,,,,,1.03741074,,,,,1.037460444,,,,,1.037712333,1.037832484,1.037994245,1.038122542,1.038289894,1.038420622,1.038446341,1.038499764,1.038530378,1.038577251,1.038590712,,
Small states,SST,Sex ratio at birth (male births per female births),SP.POP.BRTH.MF,1.043757806,,,,,1.042432415,,,,,1.042015885,,,,,1.041251213,,,,,1.040678637,,,,,1.040332152,,,1.040287262,,1.040237439,,,,,1.039562715,,,,,1.039161837,,,,,1.038907056,1.038773476,1.038570493,1.038431821,1.038242367,1.038123556,1.038046545,1.03805811,1.038036317,1.038064576,1.038013848,,
Sao Tome and Principe,STP,Sex ratio at birth (male births per female births),SP.POP.BRTH.MF,1.03,,,,,1.03,,,,,1.03,,,,,1.03,,,,,1.03,,,,,1.03,,,1.03,,1.03,,,,,1.03,,,,,1.03,,,,,1.03,1.03,1.03,1.03,1.03,1.03,1.03,1.03,1.03,1.03,1.03,,
Suriname,SUR,Sex ratio at birth (male births per female births),SP.POP.BRTH.MF,1.08,,,,,1.08,,,,,1.08,,,,,1.08,,,,,1.08,,,,,1.08,,,1.08,,1.08,,,,,1.08,,,,,1.08,,,,,1.08,1.08,1.08,1.08,1.08,1.08,1.08,1.08,1.08,1.08,1.08,,
Slovak Republic,SVK,Sex ratio at birth (male births per female births),SP.POP.BRTH.MF,1.05,,,,,1.05,,,,,1.05,,,,,1.05,,,,,1.05,,,,,1.05,,,1.05,,1.05,,,,,1.05,,,,,1.05,,,,,1.05,1.05,1.05,1.05,1.05,1.05,1.05,1.05,1.05,1.05,1.05,,
Slovenia,SVN,Sex ratio at birth (male births per female births),SP.POP.BRTH.MF,1.054,,,,,1.054,,,,,1.078,,,,,1.069,,,,,1.055,,,,,1.055,,,1.056,,1.056,,,,,1.065,,,,,1.059,,,,,1.058,1.058,1.058,1.058,1.058,1.058,1.058,1.058,1.057,1.057,1.057,,
Sweden,SWE,Sex ratio at birth (male births per female births),SP.POP.BRTH.MF,1.059,,,,,1.062,,,,,1.062,,,,,1.058,,,,,1.059,,,,,1.058,,,1.056,,1.054,,,,,1.056,,,,,1.061,,,,,1.06,1.06,1.059,1.059,1.058,1.058,1.058,1.059,1.059,1.06,1.06,,
Eswatini,SWZ,Sex ratio at birth (male births per female births),SP.POP.BRTH.MF,1.027,,,,,1.027,,,,,1.028,,,,,1.028,,,,,1.027,,,,,1.027,,,1.027,,1.027,,,,,1.026,,,,,1.026,,,,,1.026,1.026,1.026,1.026,1.026,1.026,1.026,1.026,1.027,1.027,1.027,,
Sint Maarten (Dutch part),SXM,Sex ratio at birth (male births per female births),SP.POP.BRTH.MF,,,,,,,,,,,,,,,,,,,,,,,,,,,,,,,,,,,,,,,,,,,,,,,,,,,,,,,,,,
Seychelles,SYC,Sex ratio at birth (male births per female births),SP.POP.BRTH.MF,1.06,,,,,1.06,,,,,1.06,,,,,1.06,,,,,1.06,,,,,1.06,,,1.06,,1.06,,,,,1.06,,,,,1.06,,,,,1.06,1.06,1.06,1.06,1.06,1.06,1.06,1.06,1.06,1.06,1.06,,
Syrian Arab Republic,SYR,Sex ratio at birth (male births per female births),SP.POP.BRTH.MF,1.05,,,,,1.05,,,,,1.05,,,,,1.05,,,,,1.05,,,,,1.05,,,1.05,,1.05,,,,,1.05,,,,,1.05,,,,,1.05,1.05,1.05,1.05,1.05,1.05,1.05,1.05,1.05,1.05,1.05,,
Turks and Caicos Islands,TCA,Sex ratio at birth (male births per female births),SP.POP.BRTH.MF,,,,,,,,,,,,,,,,,,,,,,,,,,,,,,,,,,,,,,,,,,,,,,,,,,,,,,,,,,
Chad,TCD,Sex ratio at birth (male births per female births),SP.POP.BRTH.MF,1.03,,,,,1.03,,,,,1.03,,,,,1.03,,,,,1.03,,,,,1.03,,,1.03,,1.03,,,,,1.03,,,,,1.03,,,,,1.03,1.03,1.03,1.03,1.03,1.03,1.03,1.03,1.03,1.03,1.03,,
East Asia & Pacific (IDA & IBRD countries),TEA,Sex ratio at birth (male births per female births),SP.POP.BRTH.MF,1.064974505,,,,,1.064839271,,,,,1.064660199,,,,,1.062896937,,,,,1.06385427,,,,,1.070858051,,,1.086621418,,1.095678526,,,,,1.10858338,,,,,1.116089151,,,,,1.122817467,1.120839324,1.118718179,1.116188368,1.114168946,1.112438047,1.110296195,1.108611769,1.106043825,1.10512132,1.102262599,,
Europe & Central Asia (IDA & IBRD countries),TEC,Sex ratio at birth (male births per female births),SP.POP.BRTH.MF,1.055394001,,,,,1.05414684,,,,,1.053155298,,,,,1.053153437,,,,,1.052957875,,,,,1.054429314,,,1.056867385,,1.058643115,,,,,1.060684954,,,,,1.062243769,,,,,1.062307353,1.062083306,1.061794423,1.062179936,1.062089635,1.061848194,1.061517086,1.061211956,1.060981662,1.060657976,1.06019009,,
Togo,TGO,Sex ratio at birth (male births per female births),SP.POP.BRTH.MF,1.018,,,,,1.018,,,,,1.018,,,,,1.018,,,,,1.018,,,,,1.018,,,1.018,,1.018,,,,,1.018,,,,,1.018,,,,,1.018,1.018,1.018,1.018,1.018,1.018,1.018,1.018,1.018,1.018,1.018,,
Thailand,THA,Sex ratio at birth (male births per female births),SP.POP.BRTH.MF,1.056,,,,,1.056,,,,,1.057,,,,,1.053,,,,,1.052,,,,,1.05,,,1.053,,1.055,,,,,1.061,,,,,1.062,,,,,1.064,1.064,1.063,1.063,1.062,1.062,1.062,1.062,1.062,1.062,1.062,,
Tajikistan,TJK,Sex ratio at birth (male births per female births),SP.POP.BRTH.MF,1.05,,,,,1.05,,,,,1.05,,,,,1.05,,,,,1.05,,,,,1.05,,,1.053,,1.055,,,,,1.06,,,,,1.07,,,,,1.07,1.069,1.068,1.067,1.066,1.065,1.065,1.065,1.065,1.065,1.065,,
Turkmenistan,TKM,Sex ratio at birth (male births per female births),SP.POP.BRTH.MF,1.046,,,,,1.046,,,,,1.046,,,,,1.046,,,,,1.046,,,,,1.046,,,1.046,,1.046,,,,,1.046,,,,,1.046,,,,,1.046,1.046,1.046,1.046,1.046,1.046,1.046,1.046,1.046,1.046,1.046,,
Latin America & the Caribbean (IDA & IBRD countries),TLA,Sex ratio at birth (male births per female births),SP.POP.BRTH.MF,1.049105757,,,,,1.04915061,,,,,1.049139202,,,,,1.049107416,,,,,1.049136238,,,,,1.04912248,,,1.049102165,,1.049099457,,,,,1.049123996,,,,,1.049119591,,,,,1.049074074,1.049064434,1.049055532,1.049049604,1.049043018,1.049038385,1.049035342,1.049033502,1.049032345,1.049031218,1.04902975,,
Timor-Leste,TLS,Sex ratio at birth (male births per female births),SP.POP.BRTH.MF,1.05,,,,,1.05,,,,,1.05,,,,,1.05,,,,,1.05,,,,,1.05,,,1.05,,1.05,,,,,1.05,,,,,1.05,,,,,1.05,1.05,1.05,1.05,1.05,1.05,1.05,1.05,1.05,1.05,1.05,,
Middle East & North Africa (IDA & IBRD countries),TMN,Sex ratio at birth (male births per female births),SP.POP.BRTH.MF,1.053649493,,,,,1.05381128,,,,,1.054047001,,,,,1.05404325,,,,,1.051403659,,,,,1.052105748,,,1.052778563,,1.053421558,,,,,1.054590208,,,,,1.057098739,,,,,1.05779978,1.057747013,1.057885549,1.057980696,1.05814775,1.058147794,1.05786822,1.057561789,1.056916707,1.056573629,1.056230289,,
Tonga,TON,Sex ratio at birth (male births per female births),SP.POP.BRTH.MF,1.05,,,,,1.05,,,,,1.05,,,,,1.05,,,,,1.05,,,,,1.05,,,1.05,,1.05,,,,,1.05,,,,,1.05,,,,,1.05,1.05,1.05,1.05,1.05,1.05,1.05,1.05,1.05,1.05,1.05,,
South Asia (IDA & IBRD),TSA,Sex ratio at birth (male births per female births),SP.POP.BRTH.MF,1.054020405,,,,,1.054784623,,,,,1.056375726,,,,,1.063982306,,,,,1.076794459,,,,,1.082707331,,,1.088546027,,1.09286472,,,,,1.098628809,,,,,1.101401194,,,,,1.091841104,1.091810261,1.091044918,1.09113355,1.090351029,1.090278689,1.090251391,1.090237076,1.090245603,1.09026449,1.090295121,,
Sub-Saharan Africa (IDA & IBRD countries),TSS,Sex ratio at birth (male births per female births),SP.POP.BRTH.MF,1.037973256,,,,,1.037914024,,,,,1.037860318,,,,,1.03788386,,,,,1.03779063,,,,,1.037592746,,,1.037483647,,1.03752022,,,,,1.03741074,,,,,1.037460444,,,,,1.037712333,1.037832484,1.037994245,1.038122542,1.038289894,1.038420622,1.038446341,1.038499764,1.038530378,1.038577251,1.038590712,,
Trinidad and Tobago,TTO,Sex ratio at birth (male births per female births),SP.POP.BRTH.MF,1.038,,,,,1.038,,,,,1.038,,,,,1.038,,,,,1.038,,,,,1.038,,,1.038,,1.038,,,,,1.038,,,,,1.038,,,,,1.038,1.038,1.038,1.038,1.038,1.038,1.038,1.038,1.038,1.038,1.038,,
Tunisia,TUN,Sex ratio at birth (male births per female births),SP.POP.BRTH.MF,1.047,,,,,1.048,,,,,1.054,,,,,1.057,,,,,1.058,,,,,1.068,,,1.074,,1.078,,,,,1.08,,,,,1.083,,,,,1.081,1.078,1.075,1.072,1.069,1.066,1.064,1.062,1.059,1.057,1.055,,
Turkey,TUR,Sex ratio at birth (male births per female births),SP.POP.BRTH.MF,1.05,,,,,1.05,,,,,1.05,,,,,1.05,,,,,1.05,,,,,1.05,,,1.05,,1.05,,,,,1.05,,,,,1.05,,,,,1.05,1.05,1.05,1.05,1.05,1.05,1.05,1.05,1.05,1.05,1.05,,
Tuvalu,TUV,Sex ratio at birth (male births per female births),SP.POP.BRTH.MF,,,,,,,,,,,,,,,,,,,,,,,,,,,,,,,,,,,,,,,,,,,,,,,,,,,,,,,,,,
Tanzania,TZA,Sex ratio at birth (male births per female births),SP.POP.BRTH.MF,1.03,,,,,1.03,,,,,1.03,,,,,1.03,,,,,1.03,,,,,1.03,,,1.03,,1.03,,,,,1.03,,,,,1.03,,,,,1.03,1.03,1.03,1.03,1.03,1.03,1.03,1.03,1.03,1.03,1.03,,
Uganda,UGA,Sex ratio at birth (male births per female births),SP.POP.BRTH.MF,1.03,,,,,1.03,,,,,1.03,,,,,1.03,,,,,1.03,,,,,1.03,,,1.03,,1.03,,,,,1.03,,,,,1.03,,,,,1.03,1.03,1.03,1.03,1.03,1.03,1.03,1.03,1.03,1.03,1.03,,
Ukraine,UKR,Sex ratio at birth (male births per female births),SP.POP.BRTH.MF,1.063,,,,,1.059,,,,,1.054,,,,,1.052,,,,,1.054,,,,,1.057,,,1.058,,1.059,,,,,1.064,,,,,1.064,,,,,1.063,1.064,1.064,1.065,1.065,1.066,1.065,1.064,1.064,1.063,1.062,,
Upper middle income,UMC,Sex ratio at birth (male births per female births),SP.POP.BRTH.MF,1.061770095,,,,,1.061612932,,,,,1.061382023,,,,,1.059196555,,,,,1.059571451,,,,,1.065425566,,,1.077949343,,1.084973767,,,,,1.095812058,,,,,1.100995572,,,,,1.104437029,1.102621804,1.100801092,1.098603021,1.096933219,1.095377239,1.093571737,1.092309214,1.090030313,1.08981386,1.087298353,,
Uruguay,URY,Sex ratio at birth (male births per female births),SP.POP.BRTH.MF,1.05,,,,,1.05,,,,,1.05,,,,,1.05,,,,,1.05,,,,,1.05,,,1.05,,1.05,,,,,1.05,,,,,1.05,,,,,1.05,1.05,1.05,1.05,1.05,1.05,1.05,1.05,1.05,1.05,1.05,,
United States,USA,Sex ratio at birth (male births per female births),SP.POP.BRTH.MF,1.05,,,,,1.052,,,,,1.053,,,,,1.052,,,,,1.051,,,,,1.05,,,1.049,,1.049,,,,,1.048,,,,,1.048,,,,,1.048,1.048,1.048,1.048,1.048,1.048,1.048,1.048,1.047,1.047,1.047,,
Uzbekistan,UZB,Sex ratio at birth (male births per female births),SP.POP.BRTH.MF,1.05,,,,,1.05,,,,,1.05,,,,,1.05,,,,,1.05,,,,,1.05,,,1.061,,1.069,,,,,1.061,,,,,1.064,,,,,1.067,1.066,1.065,1.064,1.063,1.062,1.062,1.062,1.062,1.062,1.062,,
St. Vincent and the Grenadines,VCT,Sex ratio at birth (male births per female births),SP.POP.BRTH.MF,1.03,,,,,1.03,,,,,1.03,,,,,1.03,,,,,1.03,,,,,1.03,,,1.03,,1.03,,,,,1.03,,,,,1.03,,,,,1.03,1.03,1.03,1.03,1.03,1.03,1.03,1.03,1.03,1.03,1.03,,
"Venezuela, RB",VEN,Sex ratio at birth (male births per female births),SP.POP.BRTH.MF,1.05,,,,,1.05,,,,,1.05,,,,,1.05,,,,,1.05,,,,,1.05,,,1.05,,1.05,,,,,1.05,,,,,1.05,,,,,1.05,1.05,1.05,1.05,1.05,1.05,1.05,1.05,1.05,1.05,1.05,,
British Virgin Islands,VGB,Sex ratio at birth (male births per female births),SP.POP.BRTH.MF,,,,,,,,,,,,,,,,,,,,,,,,,,,,,,,,,,,,,,,,,,,,,,,,,,,,,,,,,,
Virgin Islands (U.S.),VIR,Sex ratio at birth (male births per female births),SP.POP.BRTH.MF,1.06,,,,,1.06,,,,,1.06,,,,,1.06,,,,,1.06,,,,,1.06,,,1.06,,1.06,,,,,1.06,,,,,1.06,,,,,1.06,1.06,1.06,1.06,1.06,1.06,1.06,1.06,1.06,1.06,1.06,,
Vietnam,VNM,Sex ratio at birth (male births per female births),SP.POP.BRTH.MF,1.064,,,,,1.064,,,,,1.064,,,,,1.064,,,,,1.065,,,,,1.064,,,1.065,,1.066,,,,,1.07,,,,,1.081,,,,,1.115,1.117,1.119,1.121,1.123,1.125,1.125,1.124,1.124,1.123,1.123,,
Vanuatu,VUT,Sex ratio at birth (male births per female births),SP.POP.BRTH.MF,1.07,,,,,1.07,,,,,1.07,,,,,1.07,,,,,1.07,,,,,1.07,,,1.07,,1.07,,,,,1.07,,,,,1.07,,,,,1.07,1.07,1.07,1.07,1.07,1.07,1.069,1.068,1.067,1.066,1.065,,
World,WLD,Sex ratio at birth (male births per female births),SP.POP.BRTH.MF,1.05569488,,,,,1.055677228,,,,,1.055731753,,,,,1.05639872,,,,,1.06000316,,,,,1.063587173,,,1.069353253,,1.072670034,,,,,1.076757537,,,,,1.077603331,,,,,1.075017906,1.074401291,1.073599223,1.072859609,1.072123378,1.071637839,1.071001854,1.070571516,1.069726491,1.069719193,1.068849028,,
Samoa,WSM,Sex ratio at birth (male births per female births),SP.POP.BRTH.MF,1.08,,,,,1.08,,,,,1.08,,,,,1.08,,,,,1.08,,,,,1.08,,,1.08,,1.08,,,,,1.08,,,,,1.08,,,,,1.08,1.08,1.08,1.08,1.08,1.08,1.08,1.08,1.08,1.08,1.08,,
Kosovo,XKX,Sex ratio at birth (male births per female births),SP.POP.BRTH.MF,,,,,,,,,,,,,,,,,,,,,,,,,,,,,,,,,,,,,,,,,,,,,,,,,,,,,,,,,,
"Yemen, Rep.",YEM,Sex ratio at birth (male births per female births),SP.POP.BRTH.MF,1.05,,,,,1.05,,,,,1.05,,,,,1.05,,,,,1.05,,,,,1.05,,,1.05,,1.05,,,,,1.05,,,,,1.05,,,,,1.05,1.05,1.05,1.05,1.05,1.05,1.05,1.05,1.05,1.05,1.05,,
South Africa,ZAF,Sex ratio at birth (male births per female births),SP.POP.BRTH.MF,1.032,,,,,1.032,,,,,1.032,,,,,1.033,,,,,1.033,,,,,1.032,,,1.031,,1.031,,,,,1.03,,,,,1.031,,,,,1.031,1.031,1.031,1.031,1.031,1.031,1.031,1.031,1.031,1.031,1.031,,
Zambia,ZMB,Sex ratio at birth (male births per female births),SP.POP.BRTH.MF,1.032,,,,,1.032,,,,,1.032,,,,,1.033,,,,,1.033,,,,,1.032,,,1.031,,1.031,,,,,1.03,,,,,1.031,,,,,1.031,1.031,1.031,1.031,1.031,1.031,1.031,1.031,1.031,1.031,1.031,,
Zimbabwe,ZWE,Sex ratio at birth (male births per female births),SP.POP.BRTH.MF,1.03,,,,,1.03,,,,,1.03,,,,,1.03,,,,,1.03,,,,,1.03,,,1.03,,1.03,,,,,1.03,,,,,1.021,,,,,1.02,1.02,1.02,1.02,1.02,1.02,1.02,1.02,1.02,1.02,1.02,,