Country Name,Country Code,Indicator Name,Indicator Code,2003,2004,2005,2006,2007,2008,2009,2010,2011,2012,2013,2014,2015,2016,2017,2018,2019
Aruba,ABW,Cost of business start-up procedures (% of GNI per capita),IC.REG.COST.PC.ZS,,,,,,,,,,,,,,,,,
Afghanistan,AFG,Cost of business start-up procedures (% of GNI per capita),IC.REG.COST.PC.ZS,0,0,0,0,0,0,0,0,0,0,0,0,0,0,0,0,0
Angola,AGO,Cost of business start-up procedures (% of GNI per capita),IC.REG.COST.PC.ZS,949.8,495.6,100.1,74.1,50.5,39.1,29,28.7,25.3,24.6,21.8,20,18.9,0,0,0,0
Albania,ALB,Cost of business start-up procedures (% of GNI per capita),IC.REG.COST.PC.ZS,45.3,41.3,39.9,36.7,34.3,0,0,0,0,0,0,0,0,0,0,0,0
Andorra,AND,Cost of business start-up procedures (% of GNI per capita),IC.REG.COST.PC.ZS,,,,,,,,,,,,,,,,,
Arab World,ARB,Cost of business start-up procedures (% of GNI per capita),IC.REG.COST.PC.ZS,688.6909091,661.5545455,661.7545455,569.35,420.8636364,311.4863636,145.5045455,114.6318182,108.4045455,99.50909091,65.65454545,66.18181818,35.65909091,11.69090909,10.31363636,8.613636364,8.845454545
United Arab Emirates,ARE,Cost of business start-up procedures (% of GNI per capita),IC.REG.COST.PC.ZS,240.1,223.5,201.2,181.1,167.9,165.7,0,0,0,0,0,0,0,0,0,0,0
Argentina,ARG,Cost of business start-up procedures (% of GNI per capita),IC.REG.COST.PC.ZS,9.3,8.1,21.8,18.8,15.9,12.4,9.8,9.1,7.3,5.7,5.7,4,2.3,0,0,0,0
Armenia,ARM,Cost of business start-up procedures (% of GNI per capita),IC.REG.COST.PC.ZS,5.4,4.5,4,3.3,3.1,2.3,0,0,0,0,0,0,0,0,0,0,0
American Samoa,ASM,Cost of business start-up procedures (% of GNI per capita),IC.REG.COST.PC.ZS,,,,,,,,,,,,,,,,,
Antigua and Barbuda,ATG,Cost of business start-up procedures (% of GNI per capita),IC.REG.COST.PC.ZS,0,0,0,0,0,0,0,0,0,0,0,0,0,0,0,0,0
Australia,AUS,Cost of business start-up procedures (% of GNI per capita),IC.REG.COST.PC.ZS,0,0,0,0,0,0,0,0,0,0,0,0,0,0,0,0,0
Austria,AUT,Cost of business start-up procedures (% of GNI per capita),IC.REG.COST.PC.ZS,65.6,64.1,61.5,59.6,55.5,52.8,52,53.1,52,49.1,47.8,13.6,13.1,12.8,12.5,11.9,11.5
Azerbaijan,AZE,Cost of business start-up procedures (% of GNI per capita),IC.REG.COST.PC.ZS,0,0,0,0,0,0,0,0,0,0,0,0,0,0,0,0,0
Burundi,BDI,Cost of business start-up procedures (% of GNI per capita),IC.REG.COST.PC.ZS,0,0,0,0,0,0,0,0,0,0,0,0,0,0,0,0,0
Belgium,BEL,Cost of business start-up procedures (% of GNI per capita),IC.REG.COST.PC.ZS,24.1,23.5,22.6,21.8,20.1,19.9,19.4,19.6,18.9,18.2,18.2,18.2,17.2,17,16.8,16,0
Benin,BEN,Cost of business start-up procedures (% of GNI per capita),IC.REG.COST.PC.ZS,352.1,333.4,323.1,379.1,354.2,347,290.8,285.3,280.4,264.5,261.2,6.3,6.2,5.4,5.4,5.2,5
Burkina Faso,BFA,Cost of business start-up procedures (% of GNI per capita),IC.REG.COST.PC.ZS,531.1,498.6,483.8,481.4,415.7,458.8,428.2,416.2,373.3,353.9,306.2,308.5,28.5,7,6.7,6.6,6.3
Bangladesh,BGD,Cost of business start-up procedures (% of GNI per capita),IC.REG.COST.PC.ZS,0,0,0,0,0,0,0,0,0,0,0,0,0,0,0,0,0
Bulgaria,BGR,Cost of business start-up procedures (% of GNI per capita),IC.REG.COST.PC.ZS,86.7,81.6,73,63.9,56.3,47.8,20.7,0,0,0,0,0,0,0,0,0,0
Bahrain,BHR,Cost of business start-up procedures (% of GNI per capita),IC.REG.COST.PC.ZS,429.3,391.3,350.9,279.3,255.9,210.1,195.2,222.9,259.8,229.9,226.6,192.2,189.6,3.4,2.9,3.1,2.9
"Bahamas, The",BHS,Cost of business start-up procedures (% of GNI per capita),IC.REG.COST.PC.ZS,0,0,0,0,0,0,0,0,0,0,0,0,0,0,0,0,0
Bosnia and Herzegovina,BIH,Cost of business start-up procedures (% of GNI per capita),IC.REG.COST.PC.ZS,67.9,65,57.4,52,43,36.3,29.8,30.5,29.4,29.1,29.1,28.6,28,13.4,12,11.1,10.2
Belarus,BLR,Cost of business start-up procedures (% of GNI per capita),IC.REG.COST.PC.ZS,62.8,44.3,42.8,36.4,29.7,12.4,0,0,0,0,0,0,0,0,0,0,0
Belize,BLZ,Cost of business start-up procedures (% of GNI per capita),IC.REG.COST.PC.ZS,0.1,0.1,0.1,0.1,0.1,0.1,0.1,0.1,0.1,0.1,0.1,0.1,0.1,0,0,0,0
Bermuda,BMU,Cost of business start-up procedures (% of GNI per capita),IC.REG.COST.PC.ZS,,,,,,,,,,,,,,,,,
Bolivia,BOL,Cost of business start-up procedures (% of GNI per capita),IC.REG.COST.PC.ZS,0,0,0,0,0,0,0,0,0,0,0,0,0,0,0,0,0
Brazil,BRA,Cost of business start-up procedures (% of GNI per capita),IC.REG.COST.PC.ZS,0,0,0,0,0,0,0,0,0,0,0,0,0,0,0,0,0
Barbados,BRB,Cost of business start-up procedures (% of GNI per capita),IC.REG.COST.PC.ZS,2202,2138.9,2001.6,1840.2,0,0,0,0,0,0,0,0,0,0,0,0,0
Brunei Darussalam,BRN,Cost of business start-up procedures (% of GNI per capita),IC.REG.COST.PC.ZS,0,0,0,0,0,0,0,0,0,0,0,0,0,0,0,0,0
Bhutan,BTN,Cost of business start-up procedures (% of GNI per capita),IC.REG.COST.PC.ZS,0,0,0,0,0,0,0,0,0,0,0,0,0,0,0,0,0
Botswana,BWA,Cost of business start-up procedures (% of GNI per capita),IC.REG.COST.PC.ZS,0,0,0,0,0,0,0,0,0,0,0,0,0,0,0,0,0
Central African Republic,CAF,Cost of business start-up procedures (% of GNI per capita),IC.REG.COST.PC.ZS,527.4,559.2,568.1,554.6,531.2,513.9,507.1,468.6,452.9,444.1,411.4,607.3,540.1,556.6,446.7,40.7,35.2
Canada,CAN,Cost of business start-up procedures (% of GNI per capita),IC.REG.COST.PC.ZS,0,0,0,0,0,0,0,0,0,0,0,0,0,0,0,0,0
Central Europe and the Baltics,CEB,Cost of business start-up procedures (% of GNI per capita),IC.REG.COST.PC.ZS,67.5,63.27272727,56.8,54.89090909,50.29090909,39.14545455,20.6,19.57272727,17.6,16.80909091,14.21818182,15.32727273,15.61818182,14.98181818,14.50909091,13.40909091,11.83636364
Switzerland,CHE,Cost of business start-up procedures (% of GNI per capita),IC.REG.COST.PC.ZS,16.5,16.6,15.7,15.1,13.9,27.6,26.4,27.2,26.9,26.3,25.6,25.4,24.6,25.3,25.4,25,24.6
Channel Islands,CHI,Cost of business start-up procedures (% of GNI per capita),IC.REG.COST.PC.ZS,,,,,,,,,,,,,,,,,
Chile,CHL,Cost of business start-up procedures (% of GNI per capita),IC.REG.COST.PC.ZS,0,0,0,0,0,0,0,0,0,0,0,0,0,0,0,0,0
China,CHN,Cost of business start-up procedures (% of GNI per capita),IC.REG.COST.PC.ZS,1236.5,1104.2,284,213.1,190.2,158.1,130.9,124,100.4,85.7,78.2,0,0,0,0,0,0
Cote d'Ivoire,CIV,Cost of business start-up procedures (% of GNI per capita),IC.REG.COST.PC.ZS,212.5,222.3,225.2,226.7,219.8,215.9,204.9,202.9,200.4,184.6,164.4,3.4,3.2,3.3,2.8,2.7,2.7
Cameroon,CMR,Cost of business start-up procedures (% of GNI per capita),IC.REG.COST.PC.ZS,245.3,232,216.5,187.3,177.1,188,182.9,191.8,182.9,168.3,171.8,156.4,143.6,137.6,16.6,12.1,12
"Congo, Dem. Rep.",COD,Cost of business start-up procedures (% of GNI per capita),IC.REG.COST.PC.ZS,0,0,0,0,0,0,0,0,0,0,909.1,500,10.6,10.4,9.7,6,4.6
"Congo, Rep.",COG,Cost of business start-up procedures (% of GNI per capita),IC.REG.COST.PC.ZS,238.7,244.6,220.1,192.4,206.3,131.2,96.5,110.9,88,80.5,78.5,79.3,78.8,92.2,2.9,2.9,2.3
Colombia,COL,Cost of business start-up procedures (% of GNI per capita),IC.REG.COST.PC.ZS,0,0,0,0,0,0,0,0,0,0,0,0,0,0,0,0,0
Comoros,COM,Cost of business start-up procedures (% of GNI per capita),IC.REG.COST.PC.ZS,324.4,304,292.1,291.7,280.3,280.8,261.8,245.5,252.9,261.9,237,226.7,31.4,34.8,29.1,28.5,17.2
Cabo Verde,CPV,Cost of business start-up procedures (% of GNI per capita),IC.REG.COST.PC.ZS,63.9,58.7,58.6,60.7,53.4,47.5,38.9,42.4,39,34.2,0,0,0,0,0,0,0
Costa Rica,CRI,Cost of business start-up procedures (% of GNI per capita),IC.REG.COST.PC.ZS,0,0,0,0,0,0,0,0,0,0,0,0,0,0,0,0,0
Caribbean small states,CSS,Cost of business start-up procedures (% of GNI per capita),IC.REG.COST.PC.ZS,169.5538462,164.6615385,154.1076923,141.6692308,0.092307692,0.069230769,0.061538462,0.053846154,0.046153846,0.038461538,0.038461538,0.030769231,0.030769231,0,0,0,0
Cuba,CUB,Cost of business start-up procedures (% of GNI per capita),IC.REG.COST.PC.ZS,,,,,,,,,,,,,,,,,
Curacao,CUW,Cost of business start-up procedures (% of GNI per capita),IC.REG.COST.PC.ZS,,,,,,,,,,,,,,,,,
Cayman Islands,CYM,Cost of business start-up procedures (% of GNI per capita),IC.REG.COST.PC.ZS,,,,,,,,,,,,,,,,,
Cyprus,CYP,Cost of business start-up procedures (% of GNI per capita),IC.REG.COST.PC.ZS,0,0,0,0,0,0,0,0,0,0,0,0,0,0,0,0,0
Czech Republic,CZE,Cost of business start-up procedures (% of GNI per capita),IC.REG.COST.PC.ZS,47.4,44.5,39,36.8,34.9,31.8,30.5,30.9,30.7,29.7,29.5,0,0,0,0,0,0
Germany,DEU,Cost of business start-up procedures (% of GNI per capita),IC.REG.COST.PC.ZS,49.1,48.8,47.6,46.2,42.8,42.2,40.8,41.9,40.2,39,37.8,35.8,33.9,32.9,32.4,31,29.8
Djibouti,DJI,Cost of business start-up procedures (% of GNI per capita),IC.REG.COST.PC.ZS,620.6,604.9,604.6,571.4,530.8,514,500.5,434.1,434,383.6,0,0,0,0,0,0,0
Dominica,DMA,Cost of business start-up procedures (% of GNI per capita),IC.REG.COST.PC.ZS,0,0,0,0,0,0,0,0,0,0,0,0,0,0,0,0,0
Denmark,DNK,Cost of business start-up procedures (% of GNI per capita),IC.REG.COST.PC.ZS,49.8,48.8,47,44.6,40.7,40.1,38.6,26,25,24.2,23.9,14.5,14.3,13.9,13.5,13.2,10.2
Dominican Republic,DOM,Cost of business start-up procedures (% of GNI per capita),IC.REG.COST.PC.ZS,0,0,0,0,0,0,0,62.6,55.7,49.3,46,43,39.8,36.5,33.9,31.3,0.1
Algeria,DZA,Cost of business start-up procedures (% of GNI per capita),IC.REG.COST.PC.ZS,73.2,65.5,55.1,46,45.2,36.6,31,34.4,30.6,27.2,28.6,24.1,23.6,0,0,0,0
East Asia & Pacific (excluding high income),EAP,Cost of business start-up procedures (% of GNI per capita),IC.REG.COST.PC.ZS,2229.24,1643.915,1380.845,1064.975,775.31,564.14,456.255,454.175,341.275,391.995,369.7,324.025,15.41,18.305,18.515,4.605,4.12
Early-demographic dividend,EAR,Cost of business start-up procedures (% of GNI per capita),IC.REG.COST.PC.ZS,928.3131148,730.6901639,674.0967213,539.0836066,393.2245902,284.6245902,189.8508197,177.6836066,139.5491803,154.6,133.5,119.2786885,12.46557377,7.824590164,5.096721311,4.095081967,3.650819672
East Asia & Pacific,EAS,Cost of business start-up procedures (% of GNI per capita),IC.REG.COST.PC.ZS,1559.706897,1155.272414,972.7068966,751.7655172,551.6034483,404.7241379,315.0586207,313.7793103,235.8931034,270.8206897,255.3137931,223.7689655,10.92758621,12.88965517,13.03448276,3.444827586,3.044827586
Europe & Central Asia (excluding high income),ECA,Cost of business start-up procedures (% of GNI per capita),IC.REG.COST.PC.ZS,53.445,47.625,62.28,53.885,42.645,36.92,18.77,11.6,10.15,3.73,2.615,2.07,1.98,1.21,1.015,0.58,0.53
Europe & Central Asia,ECS,Cost of business start-up procedures (% of GNI per capita),IC.REG.COST.PC.ZS,48.75714286,44.62244898,48.84081633,44.71632653,37.84489796,31.56530612,20.35306122,17.30204082,15.38979592,12.17959184,9.581632653,8.504081633,8.402040816,7.806122449,7.551020408,7.528,6.122
Ecuador,ECU,Cost of business start-up procedures (% of GNI per capita),IC.REG.COST.PC.ZS,11.3,10.4,9.2,7.7,7,6.3,5.5,4.9,4.4,4.5,3.7,3.5,0,0,0,0,0
"Egypt, Arab Rep.",EGY,Cost of business start-up procedures (% of GNI per capita),IC.REG.COST.PC.ZS,855.4,815.6,739.8,694.7,12.9,2,0,0,0,0,0,0,0,0,0,0,0
Euro area,EMU,Cost of business start-up procedures (% of GNI per capita),IC.REG.COST.PC.ZS,38.58421053,35.32105263,32.78947368,32.76315789,28.62631579,22.49473684,21.22631579,22.37894737,19.05789474,18.47368421,13.00526316,10.56315789,10.90526316,10.42631579,10.09473684,9.568421053,8.2
Eritrea,ERI,Cost of business start-up procedures (% of GNI per capita),IC.REG.COST.PC.ZS,742.3,638.7,535.2,449.8,488,396.7,297,268.4,243,203.1,196.1,182.1,167.2,165.1,118.5,104,93.6
Spain,ESP,Cost of business start-up procedures (% of GNI per capita),IC.REG.COST.PC.ZS,17.9,16.9,15.7,14.6,13.7,13.1,12.8,13.5,13.2,13.2,13.4,13.8,13.4,12.9,12.5,12,11.6
Estonia,EST,Cost of business start-up procedures (% of GNI per capita),IC.REG.COST.PC.ZS,53,49.7,41.4,34.3,28.1,23.7,23.2,25.7,24.4,22.1,20.6,18.6,17.3,16.4,16,14.6,13.1
Ethiopia,ETH,Cost of business start-up procedures (% of GNI per capita),IC.REG.COST.PC.ZS,1964.2,1821.9,1532,1083.8,960,693.6,492.4,367.7,333.5,249.1,184.2,164.4,138.9,121.5,0,0,0
European Union,EUU,Cost of business start-up procedures (% of GNI per capita),IC.REG.COST.PC.ZS,47.41785714,44.06428571,40.76071429,39.36785714,35.31071429,27.66785714,20.05,19.15357143,16.78928571,16.23928571,12.48928571,11.01071429,10.94642857,10.47142857,10.13928571,9.571428571,8.139285714
Fragile and conflict affected situations,FCS,Cost of business start-up procedures (% of GNI per capita),IC.REG.COST.PC.ZS,1557.754286,1236.197143,1157.017143,932.1,735.6371429,573.8028571,391.2971429,367.0114286,300.8257143,319.5742857,307.5885714,263.7971429,59.36,40.84,33.27142857,11.77428571,11.32
Finland,FIN,Cost of business start-up procedures (% of GNI per capita),IC.REG.COST.PC.ZS,29.8,29.3,28,27.1,7.7,7.4,7.2,7.9,7.3,7,7,7,6.8,6.6,6.4,6.1,5.9
Fiji,FJI,Cost of business start-up procedures (% of GNI per capita),IC.REG.COST.PC.ZS,0,0,0,0,0,0,0,0,0,0,0,0,0,0,0,0,0
France,FRA,Cost of business start-up procedures (% of GNI per capita),IC.REG.COST.PC.ZS,29.2,0,0,0,0,0,0,0,0,0,0,0,0,0,0,0,0
Faroe Islands,FRO,Cost of business start-up procedures (% of GNI per capita),IC.REG.COST.PC.ZS,,,,,,,,,,,,,,,,,
"Micronesia, Fed. Sts.",FSM,Cost of business start-up procedures (% of GNI per capita),IC.REG.COST.PC.ZS,54,52.3,50.3,0,0,0,0,0,0,0,0,0,0,0,0,0,0
Gabon,GAB,Cost of business start-up procedures (% of GNI per capita),IC.REG.COST.PC.ZS,38.5,39.5,41.5,36.1,38.2,30.2,26.5,32.7,26.4,22.3,19.3,19.6,11.4,10.8,2.5,2.5,2.4
United Kingdom,GBR,Cost of business start-up procedures (% of GNI per capita),IC.REG.COST.PC.ZS,0,0,0,0,0,0,0,0,0,0,0,0,0,0,0,0,0
Georgia,GEO,Cost of business start-up procedures (% of GNI per capita),IC.REG.COST.PC.ZS,62.6,54.5,46.8,3.7,0,0,0,0,0,0,0,0,0,0,0,0,0
Ghana,GHA,Cost of business start-up procedures (% of GNI per capita),IC.REG.COST.PC.ZS,41.6,31.4,27.9,23.2,20.9,16.6,13.4,6.5,5.5,4.3,3.7,2.8,2.4,2,1.7,1.4,1
Gibraltar,GIB,Cost of business start-up procedures (% of GNI per capita),IC.REG.COST.PC.ZS,,,,,,,,,,,,,,,,,
Guinea,GIN,Cost of business start-up procedures (% of GNI per capita),IC.REG.COST.PC.ZS,414.1,450.4,620,877.6,401.3,477.6,495.4,519.1,407.3,324.7,313.8,416,13.9,13.6,8.9,5.4,5.3
"Gambia, The",GMB,Cost of business start-up procedures (% of GNI per capita),IC.REG.COST.PC.ZS,0,0,0,0,0,0,0,0,0,0,0,0,0,0,0,0,0
Guinea-Bissau,GNB,Cost of business start-up procedures (% of GNI per capita),IC.REG.COST.PC.ZS,461.1,489.4,1101.8,1028.9,1006.6,1015,415.8,415.1,398.7,338,364.1,401.3,345.5,7.4,6.8,6,5.8
Equatorial Guinea,GNQ,Cost of business start-up procedures (% of GNI per capita),IC.REG.COST.PC.ZS,116.6,145.8,13.1,13.1,23.2,15.4,12.4,21.3,14.6,11.7,13,14.3,15.8,27.8,30.3,22.3,22.8
Greece,GRC,Cost of business start-up procedures (% of GNI per capita),IC.REG.COST.PC.ZS,135.2,125.7,121.4,116,104.1,19.6,21.4,22.3,22.8,24.4,0,0,0,0,0,0,0
Grenada,GRD,Cost of business start-up procedures (% of GNI per capita),IC.REG.COST.PC.ZS,0,0,0,0,0,0,0,0,0,0,0,0,0,0,0,0,0
Greenland,GRL,Cost of business start-up procedures (% of GNI per capita),IC.REG.COST.PC.ZS,,,,,,,,,,,,,,,,,
Guatemala,GTM,Cost of business start-up procedures (% of GNI per capita),IC.REG.COST.PC.ZS,33.4,31.8,29.3,26.4,24.9,26.3,23.5,24.2,22.3,20.9,19.6,18.7,18.1,17.2,16.3,0.6,0.6
Guam,GUM,Cost of business start-up procedures (% of GNI per capita),IC.REG.COST.PC.ZS,,,,,,,,,,,,,,,,,
Guyana,GUY,Cost of business start-up procedures (% of GNI per capita),IC.REG.COST.PC.ZS,0,0,0,0,0,0,0,0,0,0,0,0,0,0,0,0,0
High income,HIC,Cost of business start-up procedures (% of GNI per capita),IC.REG.COST.PC.ZS,130.1258621,123.3844828,113.787931,102.3189655,48.61724138,39.01724138,21.1862069,22.72241379,21.52241379,19.10344828,17.32931034,15.87413793,15.77931034,6.567241379,6.377586207,6.384745763,5.174576271
"Hong Kong SAR, China",HKG,Cost of business start-up procedures (% of GNI per capita),IC.REG.COST.PC.ZS,0,0,0,0,0,0,0,0,0,0,0,0,0,0,0,0,0
Honduras,HND,Cost of business start-up procedures (% of GNI per capita),IC.REG.COST.PC.ZS,31.9,29.6,27.3,22.9,21.9,16,13.8,14,13.6,12.6,12.2,11.5,0,0,0,0,0
Heavily indebted poor countries (HIPC),HPC,Cost of business start-up procedures (% of GNI per capita),IC.REG.COST.PC.ZS,262.474359,253.6512821,260.8564103,241.2846154,217.3205128,202.5102564,165.1794872,169.225641,151.5564103,137.5076923,151.0948718,121.2538462,59.77435897,38.68461538,24.14102564,11.95641026,11.10512821
Croatia,HRV,Cost of business start-up procedures (% of GNI per capita),IC.REG.COST.PC.ZS,25.5,24.4,22.7,20.6,18.4,16.6,13.4,13.7,13.8,13.4,13.4,13.3,13.3,12.7,12.5,11.6,5.5
Haiti,HTI,Cost of business start-up procedures (% of GNI per capita),IC.REG.COST.PC.ZS,53.6,45.6,38.7,31.2,32.2,26.6,19.8,20.7,23.2,21,19.1,17.6,16.7,15.5,14,12.4,11
Hungary,HUN,Cost of business start-up procedures (% of GNI per capita),IC.REG.COST.PC.ZS,96.4,86.4,79.6,74.2,65.1,10.8,10.2,10.2,9.7,9.4,9.4,54,47.7,45.5,43.8,40.1,36.2
IBRD only,IBD,Cost of business start-up procedures (% of GNI per capita),IC.REG.COST.PC.ZS,114.5651515,101.2787879,65.35454545,56.42272727,40.60454545,20.56969697,14.79090909,13.15606061,10.9030303,9.489393939,8.392424242,6.712121212,4.877272727,3.886363636,3.672727273,2.812121212,2.215151515
IDA & IBRD total,IBT,Cost of business start-up procedures (% of GNI per capita),IC.REG.COST.PC.ZS,489.1113475,396.4156028,360.7141844,298.9212766,235.0248227,182.0070922,128.0390071,123.2595745,101.0801418,102.5468085,98.94539007,84.30992908,21.58794326,15.85886525,11.60921986,5.802836879,5.329078014
IDA total,IDA,Cost of business start-up procedures (% of GNI per capita),IC.REG.COST.PC.ZS,818.712,656.136,620.6306667,512.32,406.1146667,324.072,227.6973333,220.1506667,180.436,184.4373333,178.632,152.596,36.29333333,26.39466667,18.59333333,8.434666667,8.069333333
IDA blend,IDB,Cost of business start-up procedures (% of GNI per capita),IC.REG.COST.PC.ZS,115.6411765,114.9647059,93.33529412,74.46470588,68.71764706,46.31764706,39.45882353,40.22352941,35.2,26.21764706,22.54705882,21.36470588,22.29411765,28.81764706,16.94705882,0.894117647,0.858823529
Indonesia,IDN,Cost of business start-up procedures (% of GNI per capita),IC.REG.COST.PC.ZS,69.1,62.8,48.9,41.7,38.4,74.2,59.7,54.6,46.6,42,38.5,35.5,31,0,0,0,0
IDA only,IDX,Cost of business start-up procedures (% of GNI per capita),IC.REG.COST.PC.ZS,1024.784483,814.7551724,775.1827586,640.6568966,505.0068966,405.4827586,282.8706897,272.887931,223.0051724,230.812069,224.3810345,191.0603448,40.39655172,25.68448276,19.07586207,10.64482759,10.18275862
Isle of Man,IMN,Cost of business start-up procedures (% of GNI per capita),IC.REG.COST.PC.ZS,,,,,,,,,,,,,,,,,
India,IND,Cost of business start-up procedures (% of GNI per capita),IC.REG.COST.PC.ZS,428,390.1,352.1,314.4,269.5,239.4,210.9,200.5,149.6,140.1,124.4,111.2,0,0,0,0,0
Not classified,INX,Cost of business start-up procedures (% of GNI per capita),IC.REG.COST.PC.ZS,,,,,,,,,,,,,,,,,
Ireland,IRL,Cost of business start-up procedures (% of GNI per capita),IC.REG.COST.PC.ZS,0,0,0,0,0,0,0,0,0,0,0,0,0,0,0,0,0
"Iran, Islamic Rep.",IRN,Cost of business start-up procedures (% of GNI per capita),IC.REG.COST.PC.ZS,0,0,0,0,0,0,0,0,0,0,0,0,0,0,0,0,0
Iraq,IRQ,Cost of business start-up procedures (% of GNI per capita),IC.REG.COST.PC.ZS,1.6,31.6,31.6,57.1,65.4,59.1,30.3,43.6,35.5,25.2,13.1,12.8,13.4,18.6,18.5,16.6,14.6
Iceland,ISL,Cost of business start-up procedures (% of GNI per capita),IC.REG.COST.PC.ZS,19,18.3,17.1,15.9,14.1,13.6,15.8,12,12.6,11.5,10.5,9.3,8.4,7.6,6.8,6.7,7.4
Israel,ISR,Cost of business start-up procedures (% of GNI per capita),IC.REG.COST.PC.ZS,0,0,0,0,0,0,0,0,0,0,0,0,0,0,0,0,0
Italy,ITA,Cost of business start-up procedures (% of GNI per capita),IC.REG.COST.PC.ZS,11.6,11.2,10.8,10.4,9.8,9.7,9.7,10.1,9.9,9.7,9.8,0,0,0,0,0,0
Jamaica,JAM,Cost of business start-up procedures (% of GNI per capita),IC.REG.COST.PC.ZS,0,0,0,0,0,0,0,0,0,0,0,0,0,0,0,0,0
Jordan,JOR,Cost of business start-up procedures (% of GNI per capita),IC.REG.COST.PC.ZS,1175.9,1147.7,1011.6,864.4,795.4,24.2,19.9,17.9,0.1,0.1,0.1,0.1,0.1,0.1,0.1,0.1,0.1
Japan,JPN,Cost of business start-up procedures (% of GNI per capita),IC.REG.COST.PC.ZS,74.9,74.9,75.3,0,0,0,0,0,0,0,0,0,0,0,0,0,0
Kazakhstan,KAZ,Cost of business start-up procedures (% of GNI per capita),IC.REG.COST.PC.ZS,37.7,32.7,28.1,23.1,22.9,15.9,14.6,15.7,13.3,0,0,0,0,0,0,0,0
Kenya,KEN,Cost of business start-up procedures (% of GNI per capita),IC.REG.COST.PC.ZS,0,0,0,0,0,0,0,0,0,0,0,0,0,0,0,0,0
Kyrgyz Republic,KGZ,Cost of business start-up procedures (% of GNI per capita),IC.REG.COST.PC.ZS,0.7,0.6,0.6,0.5,0.5,0.4,0,0,0,0,0,0,0,0,0,0,0
Cambodia,KHM,Cost of business start-up procedures (% of GNI per capita),IC.REG.COST.PC.ZS,438.9,78.8,80.7,265,203.1,175.6,146.3,148,125.4,114.1,110.1,104.3,96.4,89.9,82.5,76.2,70.2
Kiribati,KIR,Cost of business start-up procedures (% of GNI per capita),IC.REG.COST.PC.ZS,27.9,34.5,38.4,27,30.6,34.9,20.5,21.7,21.1,21.3,21.7,19.5,20.8,13,16.2,12.9,11.9
St. Kitts and Nevis,KNA,Cost of business start-up procedures (% of GNI per capita),IC.REG.COST.PC.ZS,0,0,0,0,0,0,0,0,0,0,0,0,0,0,0,0,0
"Korea, Rep.",KOR,Cost of business start-up procedures (% of GNI per capita),IC.REG.COST.PC.ZS,347.7,332,308.8,299.7,296,268.9,0,0,0,0,0,0,0,0,0,0,0
Kuwait,KWT,Cost of business start-up procedures (% of GNI per capita),IC.REG.COST.PC.ZS,148.5,148.5,133.8,100.8,99.9,81.7,59.2,82.7,71.8,56.7,77.9,74,8.2,10.2,8.5,0,0
Latin America & Caribbean (excluding high income),LAC,Cost of business start-up procedures (% of GNI per capita),IC.REG.COST.PC.ZS,12.1375,11.46666667,11.1,10.02916667,9.466666667,4.291666667,3.541666667,6.183333333,5.770833333,4.8875,4.566666667,4.225,3.329166667,2.9875,2.779166667,1.958333333,0.595833333
Lao PDR,LAO,Cost of business start-up procedures (% of GNI per capita),IC.REG.COST.PC.ZS,32.1,28.5,23.4,0,0,0,0,0,0,0,0,0,0.1,0,0,0,0
Lebanon,LBN,Cost of business start-up procedures (% of GNI per capita),IC.REG.COST.PC.ZS,81.9,82.3,68.5,56.5,60.4,57,51,39.8,35.3,35.2,34.7,33,33.2,40.7,42.3,38.9,41.5
Liberia,LBR,Cost of business start-up procedures (% of GNI per capita),IC.REG.COST.PC.ZS,0,0,0,0,0,0,0,0,0,0,0,0,0,0,0,0,0
Libya,LBY,Cost of business start-up procedures (% of GNI per capita),IC.REG.COST.PC.ZS,0,245.4,200.1,47,40.1,34.6,28.2,28.2,32.6,44.5,18.6,20.3,34.6,43.4,41.5,26.6,30
St. Lucia,LCA,Cost of business start-up procedures (% of GNI per capita),IC.REG.COST.PC.ZS,0,0,0,0,0,0,0,0,0,0,0,0,0,0,0,0,0
Latin America & Caribbean,LCN,Cost of business start-up procedures (% of GNI per capita),IC.REG.COST.PC.ZS,81.99090909,78.65757576,73.32424242,68.61212121,12.35757576,3.121212121,2.575757576,4.496969697,4.196969697,3.554545455,3.321212121,3.072727273,2.421212121,2.172727273,2.021212121,1.424242424,0.433333333
Least developed countries: UN classification,LDC,Cost of business start-up procedures (% of GNI per capita),IC.REG.COST.PC.ZS,1213.163043,941.0108696,868.9608696,715.4804348,556.5804348,410.5173913,333.8456522,334.7956522,272.35,283.2195652,277.3173913,237.7586957,52.08695652,35.57826087,27.93043478,11.66304348,10.81521739
Low income,LIC,Cost of business start-up procedures (% of GNI per capita),IC.REG.COST.PC.ZS,499.2466667,481.83,542.2633333,491.3166667,425.87,365.3166667,201.0766667,172.9633333,153.76,138.37,155.3,130.51,64.65,37.29333333,25.84666667,10.38666667,10.12
Liechtenstein,LIE,Cost of business start-up procedures (% of GNI per capita),IC.REG.COST.PC.ZS,,,,,,,,,,,,,,,,32.2,32.7
Sri Lanka,LKA,Cost of business start-up procedures (% of GNI per capita),IC.REG.COST.PC.ZS,0,0,0,0,0,0,0,0,0,0,0,0,0,0,0,0,0
Lower middle income,LMC,Cost of business start-up procedures (% of GNI per capita),IC.REG.COST.PC.ZS,1064.112766,796.9042553,677.9021277,536.1595745,391.3659574,292.9617021,247.2638298,249.5446809,197.3042553,214.912766,189.9702128,163.8404255,17.80851064,18.4,13.25957447,6.923404255,6.446808511
Low & middle income,LMY,Cost of business start-up procedures (% of GNI per capita),IC.REG.COST.PC.ZS,519.1143939,420.4090909,382.6363636,316.6825758,248.4333333,193.344697,138.0545455,132.9598485,109.3022727,110.7992424,105.4181818,89.79772727,22.80681818,16.7030303,12.16666667,5.975757576,5.535606061
Lesotho,LSO,Cost of business start-up procedures (% of GNI per capita),IC.REG.COST.PC.ZS,19.3,17.7,16.4,15.7,14.3,14.5,11.9,12,11.2,0,0,0,0,0,0,0,0
Late-demographic dividend,LTE,Cost of business start-up procedures (% of GNI per capita),IC.REG.COST.PC.ZS,101.00625,88.04583333,52.52916667,46.04791667,38.34791667,28.5625,15.90208333,16.87083333,14.70833333,11.25416667,11.15833333,9.083333333,9.016666667,2.170833333,2.125,1.814583333,1.814583333
Lithuania,LTU,Cost of business start-up procedures (% of GNI per capita),IC.REG.COST.PC.ZS,68,62.8,57.3,48.8,46.2,35.9,31.1,36.1,35.7,31.3,6.8,6.4,21.2,20.3,19.3,17.5,16
Luxembourg,LUX,Cost of business start-up procedures (% of GNI per capita),IC.REG.COST.PC.ZS,26,26.1,22.1,22.7,20.6,21.3,19.9,23.8,21.2,20.9,20.8,22.5,22.6,19.5,18,18.5,17.2
Latvia,LVA,Cost of business start-up procedures (% of GNI per capita),IC.REG.COST.PC.ZS,45,41.4,31.8,26.1,22,16.9,14.2,15.9,0,0,0,0,0,0,0,0,0
"Macao SAR, China",MAC,Cost of business start-up procedures (% of GNI per capita),IC.REG.COST.PC.ZS,,,,,,,,,,,,,,,,,
St. Martin (French part),MAF,Cost of business start-up procedures (% of GNI per capita),IC.REG.COST.PC.ZS,,,,,,,,,,,,,,,,,
Morocco,MAR,Cost of business start-up procedures (% of GNI per capita),IC.REG.COST.PC.ZS,760.7,718.6,70,66.7,15,13.1,11.8,11.2,10.7,0,0,0,0,0,0,0,0
Monaco,MCO,Cost of business start-up procedures (% of GNI per capita),IC.REG.COST.PC.ZS,,,,,,,,,,,,,,,,,
Moldova,MDA,Cost of business start-up procedures (% of GNI per capita),IC.REG.COST.PC.ZS,31.8,24.6,22,18.8,14.6,13.4,11.4,11.9,9.9,8.7,8.1,0,0,0,0,0,0
Madagascar,MDG,Cost of business start-up procedures (% of GNI per capita),IC.REG.COST.PC.ZS,465.4,447.3,429,373.1,333.4,289.8,207.4,248.1,0,0,0,0,0,0,0,0,0
Maldives,MDV,Cost of business start-up procedures (% of GNI per capita),IC.REG.COST.PC.ZS,7.4,7,6.6,6.6,5.8,4.8,4,3.7,3.5,2.2,2.3,2.3,1.7,1.9,1.7,1.3,1.4
Middle East & North Africa,MEA,Cost of business start-up procedures (% of GNI per capita),IC.REG.COST.PC.ZS,665.1857143,637.7571429,637.6095238,552.5142857,403.6857143,292.9047619,118.5952381,88.85238095,85.65238095,76.23333333,42.5952381,42.80952381,35.92857143,10.65238095,9.471428571,7.714285714,8.495238095
Mexico,MEX,Cost of business start-up procedures (% of GNI per capita),IC.REG.COST.PC.ZS,16.4,15.5,13.9,12.5,11.6,11,8.9,9.2,8.4,0,0,0,0,0,0,0,0
Marshall Islands,MHL,Cost of business start-up procedures (% of GNI per capita),IC.REG.COST.PC.ZS,0,0,0,0,0,0,0,0,0,0,0,0,0,0,0,0,0
Middle income,MIC,Cost of business start-up procedures (% of GNI per capita),IC.REG.COST.PC.ZS,524.9578431,402.3441176,335.6872549,265.3196078,196.2460784,142.7647059,119.5186275,121.1941176,96.22647059,102.6901961,90.74705882,77.82352941,10.5,10.64705882,8.143137255,4.678431373,4.187254902
North Macedonia,MKD,Cost of business start-up procedures (% of GNI per capita),IC.REG.COST.PC.ZS,78.3,74.9,145.2,111.1,0,0,0,0,0,0,0,0,0,0,0,0,0
Mali,MLI,Cost of business start-up procedures (% of GNI per capita),IC.REG.COST.PC.ZS,526,482.3,490.8,519.8,434.6,390.4,334.6,306.8,348.3,331.9,295.2,300.7,274.4,5.9,5.6,5.3,5.2
Malta,MLT,Cost of business start-up procedures (% of GNI per capita),IC.REG.COST.PC.ZS,0.8,0.8,0.8,0.8,1.8,1.7,1.6,1.6,1.6,1.5,1.5,1.5,1.4,1.3,1.1,1,1
Myanmar,MMR,Cost of business start-up procedures (% of GNI per capita),IC.REG.COST.PC.ZS,41365.9,30142.4,26039.9,19968.9,14345.5,10444.4,8434.9,8434.9,6275.4,7445.4,7016,6190.1,0,0,0,0,0
Middle East & North Africa (excluding high income),MNA,Cost of business start-up procedures (% of GNI per capita),IC.REG.COST.PC.ZS,830.9923077,801.2076923,821.7384615,715.9153846,563.8461538,396.1923077,145.7846154,90.76153846,85.91538462,79.15384615,24.36153846,27.87692308,16.93076923,16.06153846,14.33846154,12.14615385,13.42307692
Montenegro,MNE,Cost of business start-up procedures (% of GNI per capita),IC.REG.COST.PC.ZS,0,0,0,0,0,0,0,0,0,0,0,0,0,0,0,0,0
Mongolia,MNG,Cost of business start-up procedures (% of GNI per capita),IC.REG.COST.PC.ZS,197,182.1,140.2,115.3,96.3,58.5,44,46.8,36,0,0,0,0,0,0,0,0
Northern Mariana Islands,MNP,Cost of business start-up procedures (% of GNI per capita),IC.REG.COST.PC.ZS,,,,,,,,,,,,,,,,,
Mozambique,MOZ,Cost of business start-up procedures (% of GNI per capita),IC.REG.COST.PC.ZS,17.1,14.5,12,10.4,115.8,122.5,0,0,0,0,0,0,0,0,0,0,0
Mauritania,MRT,Cost of business start-up procedures (% of GNI per capita),IC.REG.COST.PC.ZS,858.7,858.1,877.5,632,503.1,422.6,450.4,412.1,334.9,327.9,314.4,331.8,0,0,0,0,0
Mauritius,MUS,Cost of business start-up procedures (% of GNI per capita),IC.REG.COST.PC.ZS,0,0,0,0,0,0,0,0,0,0,0,0,0,0,0,0,0
Malawi,MWI,Cost of business start-up procedures (% of GNI per capita),IC.REG.COST.PC.ZS,0,0,0,0,0,0,0,0,0,0,0,0,0,0,0,0,0
Malaysia,MYS,Cost of business start-up procedures (% of GNI per capita),IC.REG.COST.PC.ZS,0,0,0,0,0,0,0,0,0,0,0,0,0,0,0,0,0
North America,NAC,Cost of business start-up procedures (% of GNI per capita),IC.REG.COST.PC.ZS,0,0,0,0,0,0,0,0,0,0,0,0,0,0,0,0,0
Namibia,NAM,Cost of business start-up procedures (% of GNI per capita),IC.REG.COST.PC.ZS,0,0,0,0,0,0,0,0,0,0,0,0,0,0,0,0,0
New Caledonia,NCL,Cost of business start-up procedures (% of GNI per capita),IC.REG.COST.PC.ZS,,,,,,,,,,,,,,,,,
Niger,NER,Cost of business start-up procedures (% of GNI per capita),IC.REG.COST.PC.ZS,759.9,744.7,760.8,778.1,735.6,702.1,613.7,613,584.2,572.8,527.8,492,46.4,48,11.8,11.6,11.3
Nigeria,NGA,Cost of business start-up procedures (% of GNI per capita),IC.REG.COST.PC.ZS,0,0,0,0,0,0,0,0,0,0,0,0,0,0,0,0,0
Nicaragua,NIC,Cost of business start-up procedures (% of GNI per capita),IC.REG.COST.PC.ZS,0,0,0,0,0,0,0,0,0,0,0,0,0,0,0,0,0
Netherlands,NLD,Cost of business start-up procedures (% of GNI per capita),IC.REG.COST.PC.ZS,67.2,66.2,64.6,62.3,52.9,51.7,49.4,52.4,50.4,49.4,0,0,0,0,0,0,0
Norway,NOR,Cost of business start-up procedures (% of GNI per capita),IC.REG.COST.PC.ZS,29.8,28.9,27,25.1,23.4,21,18.7,20,19.4,5.4,5.1,5,4.8,4.7,4.8,4.6,4.3
Nepal,NPL,Cost of business start-up procedures (% of GNI per capita),IC.REG.COST.PC.ZS,0,0,0,0,0,0,0,0,0,0,0,0,0,0,0,0,0
Nauru,NRU,Cost of business start-up procedures (% of GNI per capita),IC.REG.COST.PC.ZS,,,,,,,,,,,,,,,,,
New Zealand,NZL,Cost of business start-up procedures (% of GNI per capita),IC.REG.COST.PC.ZS,0,0,0,0,0,0,0,0,0,0,0,0,0,0,0,0,0
OECD members,OED,Cost of business start-up procedures (% of GNI per capita),IC.REG.COST.PC.ZS,48.54722222,45.44444444,42.26666667,38.95555556,35.71944444,29.45833333,16.78055556,16.62222222,14.71944444,13.59444444,10.79166667,9.572222222,9.444444444,9.066666667,8.738888889,8.088888889,7.147222222
Oman,OMN,Cost of business start-up procedures (% of GNI per capita),IC.REG.COST.PC.ZS,667.1,667.1,648.9,564.5,541.8,461.2,273.6,288.4,271.7,223.1,209.8,206.3,273.7,0,0,0,0
Other small states,OSS,Cost of business start-up procedures (% of GNI per capita),IC.REG.COST.PC.ZS,134.4192308,134.2230769,139.1923077,123.65,113.45,100.2038462,72.31153846,85.22692308,82,69.96153846,53.53461538,52.33076923,42.82692308,23.94230769,22.65,11.33461538,9.773076923
Pakistan,PAK,Cost of business start-up procedures (% of GNI per capita),IC.REG.COST.PC.ZS,0,0,0,0,0,0,0,0,0,0,0,0,0,0,0,0,0
Panama,PAN,Cost of business start-up procedures (% of GNI per capita),IC.REG.COST.PC.ZS,0,0,0,0,0,0,0,0,0,0,0,0,0,0,0,0,0
Peru,PER,Cost of business start-up procedures (% of GNI per capita),IC.REG.COST.PC.ZS,0,0,0,0,0,0,0,0,0,0,0,0,0,0,0,0,0
Philippines,PHL,Cost of business start-up procedures (% of GNI per capita),IC.REG.COST.PC.ZS,2.3,2.2,2,1.8,6.9,6,5.5,6,5.2,4.8,4.6,3.6,3.3,3.1,3,2.8,0
Palau,PLW,Cost of business start-up procedures (% of GNI per capita),IC.REG.COST.PC.ZS,13.3,13.1,14.6,13.1,12.5,12.2,11.6,16.1,15.4,13.9,10.1,8.8,8.7,7.7,7.7,7.8,5.9
Papua New Guinea,PNG,Cost of business start-up procedures (% of GNI per capita),IC.REG.COST.PC.ZS,0,0,0,0,0,0,0,0,0,0,0,0,0,0,0,0,0
Poland,POL,Cost of business start-up procedures (% of GNI per capita),IC.REG.COST.PC.ZS,247.4,237.9,220.1,204.4,196.8,168.8,15.3,14.7,14,13,12.6,12.3,11.4,10.9,10.7,10,9.3
Pre-demographic dividend,PRE,Cost of business start-up procedures (% of GNI per capita),IC.REG.COST.PC.ZS,280.3621622,265.5837838,259.4783784,244.8459459,220.9324324,205.1243243,169.1189189,166.1162162,148.3702703,134.5432432,150.4081081,120.3351351,57.70810811,39.32162162,28.4,8.462162162,7.545945946
Puerto Rico,PRI,Cost of business start-up procedures (% of GNI per capita),IC.REG.COST.PC.ZS,0,0,0,0,0,0,0,0,0,0,0,0,0,0,0,0,0
"Korea, Dem. People’s Rep.",PRK,Cost of business start-up procedures (% of GNI per capita),IC.REG.COST.PC.ZS,,,,,,,,,,,,,,,,,
Portugal,PRT,Cost of business start-up procedures (% of GNI per capita),IC.REG.COST.PC.ZS,40.4,39.5,39.4,38.7,34.7,34.3,33.5,34.1,0,0,0,0,0,0,0,0,0
Paraguay,PRY,Cost of business start-up procedures (% of GNI per capita),IC.REG.COST.PC.ZS,0,0,0,0,0,0,0,0,0,0,0,0,0,0,0,0,0
West Bank and Gaza,PSE,Cost of business start-up procedures (% of GNI per capita),IC.REG.COST.PC.ZS,57,56.4,56.4,75.6,63,56.1,210,215.6,218.8,206.7,0,0,0,0,0,0,0
Pacific island small states,PSS,Cost of business start-up procedures (% of GNI per capita),IC.REG.COST.PC.ZS,10.57777778,11.1,11.47777778,4.455555556,4.788888889,5.233333333,3.566666667,4.2,4.055555556,3.911111111,3.533333333,3.144444444,3.277777778,2.3,2.655555556,2.3,1.977777778
Post-demographic dividend,PST,Cost of business start-up procedures (% of GNI per capita),IC.REG.COST.PC.ZS,107.0055556,101.9722222,97.68611111,90.66944444,36.53611111,29.83888889,19.78888889,14.91111111,13.54166667,12.73055556,9.897222222,8.791666667,8.780555556,8.080555556,7.825,7.422222222,6.355555556
French Polynesia,PYF,Cost of business start-up procedures (% of GNI per capita),IC.REG.COST.PC.ZS,,,,,,,,,,,,,,,,,
Qatar,QAT,Cost of business start-up procedures (% of GNI per capita),IC.REG.COST.PC.ZS,160.7,149.7,141.4,171.1,80.1,80.1,65.7,90.4,76.9,60.7,62,62.6,61.5,0,0,0,0
Romania,ROU,Cost of business start-up procedures (% of GNI per capita),IC.REG.COST.PC.ZS,2.9,2.2,1.9,1.6,1.5,1.1,0.9,0.9,0.8,0.8,0.7,0.7,0.6,0.6,0.5,0.5,0.4
Russian Federation,RUS,Cost of business start-up procedures (% of GNI per capita),IC.REG.COST.PC.ZS,6.8,5.6,4.4,3.4,3.2,2.2,1.8,1.8,1.6,1.4,1.2,0,0,0,0,0,0
Rwanda,RWA,Cost of business start-up procedures (% of GNI per capita),IC.REG.COST.PC.ZS,0,0,0,0,0,0,0,0,0,0,0,0,0,0,0,0,0
South Asia,SAS,Cost of business start-up procedures (% of GNI per capita),IC.REG.COST.PC.ZS,54.425,49.6375,44.8375,40.125,34.4125,30.525,26.8625,25.525,19.1375,17.7875,15.8375,14.1875,0.2125,0.2375,0.2125,0.1625,0.175
Saudi Arabia,SAU,Cost of business start-up procedures (% of GNI per capita),IC.REG.COST.PC.ZS,1519.5,1396.3,1230.2,998.3,0,0,0,0,0,0,0,0,0,0,0,0,0
Sudan,SDN,Cost of business start-up procedures (% of GNI per capita),IC.REG.COST.PC.ZS,0,0,0,0,0,0,0,0,0,0,0,0,0,0,0,0,0
Senegal,SEN,Cost of business start-up procedures (% of GNI per capita),IC.REG.COST.PC.ZS,293.2,270.4,260.4,269.6,255,236.2,206.9,205.1,203,192.3,192.1,19,4.8,4.7,4.6,4.3,3
Singapore,SGP,Cost of business start-up procedures (% of GNI per capita),IC.REG.COST.PC.ZS,0,0,0,0,0,0,0,0,0,0,0,0,0,0,0,0,0
Solomon Islands,SLB,Cost of business start-up procedures (% of GNI per capita),IC.REG.COST.PC.ZS,0,0,0,0,0,0,0,0,0,0,0,0,0,0,0,0,0
Sierra Leone,SLE,Cost of business start-up procedures (% of GNI per capita),IC.REG.COST.PC.ZS,83,74.4,49.3,40.1,35.2,29.9,24.4,22.7,19.2,16.5,9.1,7.8,0,0,0,0,0
El Salvador,SLV,Cost of business start-up procedures (% of GNI per capita),IC.REG.COST.PC.ZS,133.2,132.5,124.4,119.7,112.5,3.5,2.9,3,3,2.8,2.8,2.7,2.6,2.5,2.5,2.7,2.6
San Marino,SMR,Cost of business start-up procedures (% of GNI per capita),IC.REG.COST.PC.ZS,17.6,21,22.2,21.3,21,22,22.8,22.8,24.5,26.6,28.5,29.5,29.8,29.4,30.4,29.8,0
Somalia,SOM,Cost of business start-up procedures (% of GNI per capita),IC.REG.COST.PC.ZS,0,0,0,0,0,0,0,0,0,0,0,0,0,0,0,0,0
Serbia,SRB,Cost of business start-up procedures (% of GNI per capita),IC.REG.COST.PC.ZS,113.4,101.6,7.6,7.6,8,6.9,6.1,5.7,5.7,0,0,0,0,0,0,0,0
Sub-Saharan Africa (excluding high income),SSA,Cost of business start-up procedures (% of GNI per capita),IC.REG.COST.PC.ZS,241.2723404,225.0042553,219.9531915,203.3255319,183.012766,170.2680851,138.8851064,142.6106383,127.4659574,115.3702128,125.8702128,101.1510638,50.23404255,32.59787234,20.43829787,10.1893617,9.521276596
South Sudan,SSD,Cost of business start-up procedures (% of GNI per capita),IC.REG.COST.PC.ZS,0,0,0,0,0,0,0,0,0,0,0,0,0,0,0,0,0
Sub-Saharan Africa,SSF,Cost of business start-up procedures (% of GNI per capita),IC.REG.COST.PC.ZS,236.2458333,220.3166667,215.3708333,199.0895833,179.2,166.7208333,135.9916667,139.6395833,124.8104167,112.9666667,123.2479167,99.04375,49.1875,31.91875,20.0125,9.977083333,9.322916667
Small states,SST,Cost of business start-up procedures (% of GNI per capita),IC.REG.COST.PC.ZS,120.7145833,119.38125,119.2854167,106.18125,62.375,55.27708333,39.85416667,46.96666667,45.18958333,38.63958333,29.67083333,28.94375,23.82083333,13.4,12.76666667,6.570833333,5.664583333
Sao Tome and Principe,STP,Cost of business start-up procedures (% of GNI per capita),IC.REG.COST.PC.ZS,0.9,0.8,0.7,0.7,0.3,0.2,0.2,385.7,336,285.8,281.2,254.8,242.7,221.3,192.4,178.5,179.6
Suriname,SUR,Cost of business start-up procedures (% of GNI per capita),IC.REG.COST.PC.ZS,2.1,1.6,1.7,1.4,1.1,0.8,0.7,0.6,0.5,0.4,0.4,0.3,0.3,0,0,0,0
Slovak Republic,SVK,Cost of business start-up procedures (% of GNI per capita),IC.REG.COST.PC.ZS,50.3,46.1,41,39.1,34.1,30.4,23.8,22.2,20.9,21.3,19.3,19.2,18.5,17.8,17.2,16.4,15.4
Slovenia,SVN,Cost of business start-up procedures (% of GNI per capita),IC.REG.COST.PC.ZS,19.9,19,17,54,49.8,46.8,43.3,45,43.6,43.9,44.1,44.1,41.8,40.6,39.6,36.8,34.3
Sweden,SWE,Cost of business start-up procedures (% of GNI per capita),IC.REG.COST.PC.ZS,38.5,36.9,35,33.7,31.1,30.3,28.5,14.7,14,13.2,13.1,12.8,12,11.5,11.1,10.8,10.5
Eswatini,SWZ,Cost of business start-up procedures (% of GNI per capita),IC.REG.COST.PC.ZS,0.7,0.7,0.7,0.6,0.6,0.6,0.5,0.5,0.5,0.4,0.4,0.4,0.4,0.3,0.3,0.2,0.2
Sint Maarten (Dutch part),SXM,Cost of business start-up procedures (% of GNI per capita),IC.REG.COST.PC.ZS,,,,,,,,,,,,,,,,,
Seychelles,SYC,Cost of business start-up procedures (% of GNI per capita),IC.REG.COST.PC.ZS,0,0,0,0,0,0,0,0,0,0,0,0,0,0,0,0,0
Syrian Arab Republic,SYR,Cost of business start-up procedures (% of GNI per capita),IC.REG.COST.PC.ZS,5109.4,5053.9,5111.9,4233.5,3673.3,4353.8,1012.5,355.1,319.3,306.5,221.6,272.1,115.2,106,84,75.7,88.3
Turks and Caicos Islands,TCA,Cost of business start-up procedures (% of GNI per capita),IC.REG.COST.PC.ZS,,,,,,,,,,,,,,,,,
Chad,TCD,Cost of business start-up procedures (% of GNI per capita),IC.REG.COST.PC.ZS,584.5,610.4,619.1,414.1,398.4,365.1,369.3,386.7,345,289.4,251.6,201.7,201.2,22.4,25.8,26,25.3
East Asia & Pacific (IDA & IBRD countries),TEA,Cost of business start-up procedures (% of GNI per capita),IC.REG.COST.PC.ZS,2123.719048,1566.257143,1315.785714,1014.885714,738.9857143,537.8571429,435.0809524,433.3142857,325.7571429,373.9904762,352.5761905,309.0142857,15.09047619,17.8,18,4.757142857,4.204761905
Europe & Central Asia (IDA & IBRD countries),TEC,Cost of business start-up procedures (% of GNI per capita),IC.REG.COST.PC.ZS,60.99090909,55.21818182,67.65454545,59.21363636,48.55,41.99090909,18.36818182,11.83636364,10.49090909,4.590909091,3.559090909,3.045454545,2.922727273,2.172727273,1.977272727,1.509090909,1.154545455
Togo,TGO,Cost of business start-up procedures (% of GNI per capita),IC.REG.COST.PC.ZS,504.2,485.7,459.9,539.7,546.4,559.9,514,486.9,484.5,435.6,388.5,37.5,34.7,34,31.5,6.7,6.7
Thailand,THA,Cost of business start-up procedures (% of GNI per capita),IC.REG.COST.PC.ZS,0,0,0,0,0,0,0,0,0,0,0,0,0,0,0,0,0
Tajikistan,TJK,Cost of business start-up procedures (% of GNI per capita),IC.REG.COST.PC.ZS,158.6,143.4,429.2,378.6,311,216.8,9.9,8.5,0,0,0,0,0,0,0,0,0
Turkmenistan,TKM,Cost of business start-up procedures (% of GNI per capita),IC.REG.COST.PC.ZS,,,,,,,,,,,,,,,,,
Latin America & the Caribbean (IDA & IBRD countries),TLA,Cost of business start-up procedures (% of GNI per capita),IC.REG.COST.PC.ZS,16.79,15.22666667,13.93666667,14.13333333,13.59333333,3.433333333,2.833333333,4.946666667,4.616666667,3.91,3.653333333,3.38,2.663333333,2.39,2.223333333,1.566666667,0.476666667
Timor-Leste,TLS,Cost of business start-up procedures (% of GNI per capita),IC.REG.COST.PC.ZS,1161.1,1190.5,909.1,666.7,595.2,331.1,283.3,247.5,215.4,126.6,124.9,127.5,156.6,260.1,268.6,0.2,0.3
Middle East & North Africa (IDA & IBRD countries),TMN,Cost of business start-up procedures (% of GNI per capita),IC.REG.COST.PC.ZS,895.4916667,863.275,885.5166667,769.275,605.5833333,424.5333333,140.4333333,80.35833333,74.84166667,68.525,26.39166667,30.2,18.34166667,17.4,15.53333333,13.15833333,14.54166667
Tonga,TON,Cost of business start-up procedures (% of GNI per capita),IC.REG.COST.PC.ZS,0,0,0,0,0,0,0,0,0,0,0,0,0,0,0,0,0
South Asia (IDA & IBRD),TSA,Cost of business start-up procedures (% of GNI per capita),IC.REG.COST.PC.ZS,54.425,49.6375,44.8375,40.125,34.4125,30.525,26.8625,25.525,19.1375,17.7875,15.8375,14.1875,0.2125,0.2375,0.2125,0.1625,0.175
Sub-Saharan Africa (IDA & IBRD countries),TSS,Cost of business start-up procedures (% of GNI per capita),IC.REG.COST.PC.ZS,236.2458333,220.3166667,215.3708333,199.0895833,179.2,166.7208333,135.9916667,139.6395833,124.8104167,112.9666667,123.2479167,99.04375,49.1875,31.91875,20.0125,9.977083333,9.322916667
Trinidad and Tobago,TTO,Cost of business start-up procedures (% of GNI per capita),IC.REG.COST.PC.ZS,0,0,0,0,0,0,0,0,0,0,0,0,0,0,0,0,0
Tunisia,TUN,Cost of business start-up procedures (% of GNI per capita),IC.REG.COST.PC.ZS,343.8,32.7,29.8,28.3,25.3,0,0,0,0,0,0,0,0,0,0,0,0
Turkey,TUR,Cost of business start-up procedures (% of GNI per capita),IC.REG.COST.PC.ZS,31.6,25,20.9,18.7,16.2,10.9,9.5,9.9,8.7,7.2,13.2,12.1,11,10.2,7.8,0,0
Tuvalu,TUV,Cost of business start-up procedures (% of GNI per capita),IC.REG.COST.PC.ZS,,,,,,,,,,,,,,,,,
Tanzania,TZA,Cost of business start-up procedures (% of GNI per capita),IC.REG.COST.PC.ZS,0,0,0,0,0,0,0,0,0,0,0,0,0,0,0,0,0
Uganda,UGA,Cost of business start-up procedures (% of GNI per capita),IC.REG.COST.PC.ZS,0,0,0,0,0,0,0,0,0,0,0,0,0,0,0,0,0
Ukraine,UKR,Cost of business start-up procedures (% of GNI per capita),IC.REG.COST.PC.ZS,121.5,113.9,183,198.8,203.1,174.2,153.5,2.2,1.8,0,0,0,0,0,0,0,0
Upper middle income,UMC,Cost of business start-up procedures (% of GNI per capita),IC.REG.COST.PC.ZS,64.22545455,65.17454545,43.24909091,33.87454545,29.50727273,14.41454545,10.35454545,11.51272727,9.850909091,6.790909091,5.956363636,4.318181818,4.254545455,4.021818182,3.770909091,2.76,2.256363636
Uruguay,URY,Cost of business start-up procedures (% of GNI per capita),IC.REG.COST.PC.ZS,212.4,181.6,151.7,183.3,180.6,0,0,0,0,0,0,0,0,0,0,0,0
United States,USA,Cost of business start-up procedures (% of GNI per capita),IC.REG.COST.PC.ZS,0,0,0,0,0,0,0,0,0,0,0,0,0,0,0,0,0
Uzbekistan,UZB,Cost of business start-up procedures (% of GNI per capita),IC.REG.COST.PC.ZS,28.1,21.9,20.2,24.7,25.3,17.7,13.8,32.5,27.2,27.4,0,0,0,0,0,0,0
St. Vincent and the Grenadines,VCT,Cost of business start-up procedures (% of GNI per capita),IC.REG.COST.PC.ZS,0,0,0,0,0,0,0,0,0,0,0,0,0,0,0,0,0
"Venezuela, RB",VEN,Cost of business start-up procedures (% of GNI per capita),IC.REG.COST.PC.ZS,0,0,0,0,0,0,0,0,0,0,0,0,0,0,0,0,0
British Virgin Islands,VGB,Cost of business start-up procedures (% of GNI per capita),IC.REG.COST.PC.ZS,,,,,,,,,,,,,,,,,
Virgin Islands (U.S.),VIR,Cost of business start-up procedures (% of GNI per capita),IC.REG.COST.PC.ZS,,,,,,,,,,,,,,,,,
Vietnam,VNM,Cost of business start-up procedures (% of GNI per capita),IC.REG.COST.PC.ZS,0,0,0,0,0,0,0,0,0,0,0,0,0,0,0,0,0
Vanuatu,VUT,Cost of business start-up procedures (% of GNI per capita),IC.REG.COST.PC.ZS,0,0,0,0,0,0,0,0,0,0,0,0,0,0,0,0,0
World,WLD,Cost of business start-up procedures (% of GNI per capita),IC.REG.COST.PC.ZS,400.3705263,329.7384211,300.5668421,251.2452632,187.4368421,146.2342105,102.3789474,99.30842105,82.50631579,82.80789474,78.52789474,67.23157895,20.66157895,13.60894737,10.39947368,6.102094241,5.42408377
Samoa,WSM,Cost of business start-up procedures (% of GNI per capita),IC.REG.COST.PC.ZS,0,0,0,0,0,0,0,0,0,0,0,0,0,0,0,0,0
Kosovo,XKX,Cost of business start-up procedures (% of GNI per capita),IC.REG.COST.PC.ZS,126.8,114.9,118.6,94.8,80.2,180.1,103.4,112.4,104.6,0,0,0,0,0,0,0,0
"Yemen, Rep.",YEM,Cost of business start-up procedures (% of GNI per capita),IC.REG.COST.PC.ZS,1723.4,1561.1,2703.2,2565.7,2003.2,0,0,0,0,0,0,0,0,0,0,0,0
South Africa,ZAF,Cost of business start-up procedures (% of GNI per capita),IC.REG.COST.PC.ZS,0,0,0,0,0,0,0,0,0,0,0,0,0,0,0,0,0
Zambia,ZMB,Cost of business start-up procedures (% of GNI per capita),IC.REG.COST.PC.ZS,3.3,2.7,2.1,1.9,2.2,1.5,1.3,0,0,0,0,0,0,0,0,0,0
Zimbabwe,ZWE,Cost of business start-up procedures (% of GNI per capita),IC.REG.COST.PC.ZS,0,0,0,0,0,0,0,0,0,0,0,0,0,0,0,0,0