Country Name,Country Code,Indicator Name,Indicator Code,2000,2001,2002,2003,2004,2005,2006,2007,2008,2009,2010,2011,2012,2013,2014,2015,2016,2017,2018,2019
Aruba,ABW,"Lower secondary completion rate, total (% of relevant age group)",SE.SEC.CMPT.LO.ZS,94.82625,98.26677,97.13866,89.52583,87.55948,87.59028,,89.02208,,96.19109,,,,101.5457,99.25726,,,,,
Afghanistan,AFG,"Lower secondary completion rate, total (% of relevant age group)",SE.SEC.CMPT.LO.ZS,,,,,,16.02894,,,,,,,,,,,49.70082,53.24548,,
Angola,AGO,"Lower secondary completion rate, total (% of relevant age group)",SE.SEC.CMPT.LO.ZS,,,,,,,,,17.37348,17.66576,,20.73882,,,,,,,,
Albania,ALB,"Lower secondary completion rate, total (% of relevant age group)",SE.SEC.CMPT.LO.ZS,81.6277,87.75084,,86.46875,,,,91.59715,91.07324,89.91285,94.40544,93.7547,93.73105,94.05895,94.38111,99.15678,,88.16437,96.33482,
Andorra,AND,"Lower secondary completion rate, total (% of relevant age group)",SE.SEC.CMPT.LO.ZS,,,,,,,,,,,,,,,,,,,,
Arab World,ARB,"Lower secondary completion rate, total (% of relevant age group)",SE.SEC.CMPT.LO.ZS,56.19464874,58.32337189,60.68761063,60.68432999,61.35665131,62.42274094,61.07672119,61.00289154,61.11455917,63.12823105,63.41129,65.0734,69.30284,66.13111,65.93602,67.36962,67.52297,67.78755,68.75809,
United Arab Emirates,ARE,"Lower secondary completion rate, total (% of relevant age group)",SE.SEC.CMPT.LO.ZS,82.24513,79.4172,76.60997,78.01007,83.16546,81.3934,79.34047,74.34957,,84.40307,84.43388,84.51414,73.0253,74.91853,81.70573,,,,,
Argentina,ARG,"Lower secondary completion rate, total (% of relevant age group)",SE.SEC.CMPT.LO.ZS,85.19104,85.56632,85.19427,80.87043,79.16549,80.16696,76.5989,74.76325,76.43555,77.73371,81.54738,85.26944,86.21025,88.45621,88.91632,90.11586,89.20531,89.81704,,
Armenia,ARM,"Lower secondary completion rate, total (% of relevant age group)",SE.SEC.CMPT.LO.ZS,,,86.45846,85.45827,89.29159,96.79207,100.2897,95.30094,90.42601,106.27339,96.92009,,,,,,87.51688,89.03903,93.2922,
American Samoa,ASM,"Lower secondary completion rate, total (% of relevant age group)",SE.SEC.CMPT.LO.ZS,,,,,,,,,,,,,,,,,,,,
Antigua and Barbuda,ATG,"Lower secondary completion rate, total (% of relevant age group)",SE.SEC.CMPT.LO.ZS,,,,,,,,,87.83141,83.10811,95.85561,,103.0342,,88.51706,95.76613,,108.246,98.64865,
Australia,AUS,"Lower secondary completion rate, total (% of relevant age group)",SE.SEC.CMPT.LO.ZS,,,,,,,,,,,,,,,,,,,,
Austria,AUT,"Lower secondary completion rate, total (% of relevant age group)",SE.SEC.CMPT.LO.ZS,,,103.61812,103.81988,,,102.33033,101.39655,100.7073,100.02937,101.8713,101.714,99.30486,97.33421,96.90894,96.22541,97.17982,97.67306,,
Azerbaijan,AZE,"Lower secondary completion rate, total (% of relevant age group)",SE.SEC.CMPT.LO.ZS,38.24668,73.99507,88.55607,85.51001,83.64337,82.84026,88.86907,89.59932,88.07868,90.74747,90.57911,89.31444,94.17598,86.74862,86.61914,86.07422,89.03829,88.45454,84.7131,
Burundi,BDI,"Lower secondary completion rate, total (% of relevant age group)",SE.SEC.CMPT.LO.ZS,,,,,7.87963,8.23992,9.08818,,12.06025,16.42593,16.59923,18.47843,20.29519,23.84695,26.74336,33.87078,40.44931,39.72229,32.57291,
Belgium,BEL,"Lower secondary completion rate, total (% of relevant age group)",SE.SEC.CMPT.LO.ZS,,,,,,,89.60427,86.28599,83.71251,84.16925,89.30755,92.20604,92.55734,93.75318,93.93034,95.04216,94.40424,93.55289,,
Benin,BEN,"Lower secondary completion rate, total (% of relevant age group)",SE.SEC.CMPT.LO.ZS,15.20094,16.50734,18.04422,,,,25.49648,,,,,37.39508,,46.56493,43.17733,45.10023,45.8472,,,
Burkina Faso,BFA,"Lower secondary completion rate, total (% of relevant age group)",SE.SEC.CMPT.LO.ZS,6.54365,7.40017,,8.12627,,9.8929,10.89828,11.70575,14.73745,15.57864,16.43927,18.06627,20.15292,21.46516,24.7252,27.01158,30.14426,37.00937,42.97488,
Bangladesh,BGD,"Lower secondary completion rate, total (% of relevant age group)",SE.SEC.CMPT.LO.ZS,54.9888,59.42726,60.58318,60.79832,56.20922,54.15239,54.00374,54.86219,,57.04098,55.48678,60.08864,,69.80339,,,79.35987,80.43597,87.96587,
Bulgaria,BGR,"Lower secondary completion rate, total (% of relevant age group)",SE.SEC.CMPT.LO.ZS,,,,,,,,,,,,,,,,,,,,
Bahrain,BHR,"Lower secondary completion rate, total (% of relevant age group)",SE.SEC.CMPT.LO.ZS,93.60989,92.46775,94.48122,94.49308,96.40576,93.62187,94.71214,,95.62757,94.85598,92.44215,92.46175,89.05646,93.05419,96.34489,99.20396,97.74154,95.23229,94.31429,
"Bahamas, The",BHS,"Lower secondary completion rate, total (% of relevant age group)",SE.SEC.CMPT.LO.ZS,,,,,91.34695,91.49217,90.39193,98.63058,99.8087,,92.24312,,,,,,,,,
Bosnia and Herzegovina,BIH,"Lower secondary completion rate, total (% of relevant age group)",SE.SEC.CMPT.LO.ZS,,,,,,,,,,,,,,,,,,,,
Belarus,BLR,"Lower secondary completion rate, total (% of relevant age group)",SE.SEC.CMPT.LO.ZS,96.06584,98.82029,98.95215,101.1047,106.16698,110.52935,116.03013,141.87584,104.48757,,97.67739,97.20362,97.4661,100.2389,105.6668,106.2769,107.4065,102.9673,97.84089,
Belize,BLZ,"Lower secondary completion rate, total (% of relevant age group)",SE.SEC.CMPT.LO.ZS,52.12485,54.28872,,61.4041,62.03887,62.15743,63.36741,58.88989,55.32661,59.70425,60.20281,62.63302,64.2476,65.1946,64.02999,67.98464,70.37978,66.86398,67.19005,
Bermuda,BMU,"Lower secondary completion rate, total (% of relevant age group)",SE.SEC.CMPT.LO.ZS,,88.03717,87.94489,82.13058,87.90323,86.90614,82.59346,,,,,82.33083,77.74936,,,87.214,,,,
Bolivia,BOL,"Lower secondary completion rate, total (% of relevant age group)",SE.SEC.CMPT.LO.ZS,80.23138,84.92192,89.94705,91.39216,95.94373,96.25146,93.79048,89.64115,92.97866,88.41746,87.29901,84.86394,86.00894,88.79995,93.06441,88.97346,85.87699,82.53676,,
Brazil,BRA,"Lower secondary completion rate, total (% of relevant age group)",SE.SEC.CMPT.LO.ZS,,,,,75.85272,,,,,71.62493,,71.75012,,,,,,,,
Barbados,BRB,"Lower secondary completion rate, total (% of relevant age group)",SE.SEC.CMPT.LO.ZS,101.13468,99.07937,94.49472,101.36398,107.98383,106.4255,109.14372,102.3297,99.05443,100.72464,,,,,,,,,,
Brunei Darussalam,BRN,"Lower secondary completion rate, total (% of relevant age group)",SE.SEC.CMPT.LO.ZS,,,,,106.04058,103.431,102.75862,102.55406,101.47548,115.13761,104.3149,101.0036,104.4485,110.6634,105.7867,103.7971,101.4855,102.7628,105.8426,
Bhutan,BTN,"Lower secondary completion rate, total (% of relevant age group)",SE.SEC.CMPT.LO.ZS,23.53881,31.46404,,,39.74507,,43.03,47.85503,49.32941,54.58707,64.57362,65.72905,67.73276,70.10877,76.32436,,80.17082,81.36452,82.485,
Botswana,BWA,"Lower secondary completion rate, total (% of relevant age group)",SE.SEC.CMPT.LO.ZS,92.25108,91.55922,89.55503,89.27853,90.40535,89.56345,92.43974,89.55075,90.9078,,,,95.46854,93.87334,98.00321,,,,,
Central African Republic,CAF,"Lower secondary completion rate, total (% of relevant age group)",SE.SEC.CMPT.LO.ZS,,,,,,8.53138,,,,9.24667,,,12.73837,,,,9.81135,,,
Canada,CAN,"Lower secondary completion rate, total (% of relevant age group)",SE.SEC.CMPT.LO.ZS,,,,,,,,,,,,,,,,,,,,
Central Europe and the Baltics,CEB,"Lower secondary completion rate, total (% of relevant age group)",SE.SEC.CMPT.LO.ZS,89.775177,89.4246521,89.01097107,89.23754883,90.54654694,90.62248993,90.9805069,91.53034973,92.25022125,92.35842896,91.27436,94.39462,90.82763,90.94049,91.66043,92.3373,92.33192,92.37913,92.26379,
Switzerland,CHE,"Lower secondary completion rate, total (% of relevant age group)",SE.SEC.CMPT.LO.ZS,,,,,97.50999,98.02414,,,96.18022,93.28114,93.32449,94.79603,96.17463,94.9717,95.65591,96.94526,98.39038,96.31986,,
Channel Islands,CHI,"Lower secondary completion rate, total (% of relevant age group)",SE.SEC.CMPT.LO.ZS,,,,,,,,,,,,,,,,,,,,
Chile,CHL,"Lower secondary completion rate, total (% of relevant age group)",SE.SEC.CMPT.LO.ZS,,,,,,,,,,,,94.97574,95.60127,92.37723,96.75612,95.87488,95.62891,93.81433,,
China,CHN,"Lower secondary completion rate, total (% of relevant age group)",SE.SEC.CMPT.LO.ZS,,,,,,,,98.46726,101.71486,101.46995,99.08818,99.51549,,,,,,,,
Cote d'Ivoire,CIV,"Lower secondary completion rate, total (% of relevant age group)",SE.SEC.CMPT.LO.ZS,23.65958,22.99904,24.75817,,,,26.00353,26.06213,34.069,32.36911,,27.76059,31.0211,,31.68722,33.99787,38.63139,45.81292,49.3576,
Cameroon,CMR,"Lower secondary completion rate, total (% of relevant age group)",SE.SEC.CMPT.LO.ZS,,,,22.50072,,,18.536,19.97143,26.35052,24.79315,,40.85289,,42.0594,36.46105,46.3965,47.17264,,,
"Congo, Dem. Rep.",COD,"Lower secondary completion rate, total (% of relevant age group)",SE.SEC.CMPT.LO.ZS,,,,,,,,,,,,,41.53708,42.33936,50.43239,,,,,
"Congo, Rep.",COG,"Lower secondary completion rate, total (% of relevant age group)",SE.SEC.CMPT.LO.ZS,27.22505,33.4953,24.18634,27.11135,40.20225,,,,43.21094,44.25498,43.41249,45.38618,50.1013,,,,,,,
Colombia,COL,"Lower secondary completion rate, total (% of relevant age group)",SE.SEC.CMPT.LO.ZS,,60.12486,65.35965,,70.80351,75.85193,78.21257,80.22671,82.61654,89.43965,92.50737,91.2465,88.20769,74.1675,74.94326,74.64495,74.08378,73.67667,75.72469,
Comoros,COM,"Lower secondary completion rate, total (% of relevant age group)",SE.SEC.CMPT.LO.ZS,,,28.00599,31.47919,34.41489,,,,,,,,,45.6542,48.31392,,,,,
Cabo Verde,CPV,"Lower secondary completion rate, total (% of relevant age group)",SE.SEC.CMPT.LO.ZS,,,,51.78015,52.55221,53.90444,71.48277,68.78668,73.39633,73.70665,72.74423,80.62029,80.7717,80.52602,78.05491,77.16199,79.1699,81.30422,68.2232,
Costa Rica,CRI,"Lower secondary completion rate, total (% of relevant age group)",SE.SEC.CMPT.LO.ZS,43.68756,42.66833,43.92519,,52.01004,56.16021,55.81598,56.41199,58.01576,54.77516,54.1147,53.60002,58.53863,55.78986,58.76534,59.00381,56.5155,59.99917,70.29883,
Caribbean small states,CSS,"Lower secondary completion rate, total (% of relevant age group)",SE.SEC.CMPT.LO.ZS,83.65557861,81.75788116,82.39652252,84.5185318,86.05950928,84.58361816,85.84407043,86.87734222,86.35224152,88.46775818,87.05177,84.79495,83.97586,83.02993,81.09007,82.83035,81.97305,81.20968,79.61702,
Cuba,CUB,"Lower secondary completion rate, total (% of relevant age group)",SE.SEC.CMPT.LO.ZS,94.90401,83.13665,86.36735,89.61684,92.12932,100.53024,97.80991,95.76515,96.47732,93.89901,92.60385,85.87919,92.25073,91.62275,92.53016,89.89465,89.17572,93.14278,93.02477,
Curacao,CUW,"Lower secondary completion rate, total (% of relevant age group)",SE.SEC.CMPT.LO.ZS,,,,,,,,,,,,,,,,,,,,
Cayman Islands,CYM,"Lower secondary completion rate, total (% of relevant age group)",SE.SEC.CMPT.LO.ZS,,,,,,,,,,,,,,,,,,,,
Cyprus,CYP,"Lower secondary completion rate, total (% of relevant age group)",SE.SEC.CMPT.LO.ZS,91.26858,91.52468,100.85302,95.85645,98.73726,99.84482,99.81641,86.62771,99.67532,100.984,94.71145,92.87139,95.61269,96.5972,100.8516,97.61321,,,,
Czech Republic,CZE,"Lower secondary completion rate, total (% of relevant age group)",SE.SEC.CMPT.LO.ZS,,,92.04767,91.58661,91.82942,91.95055,99.21669,94.09143,94.98962,94.65382,86.63263,88.61506,92.171,96.78569,98.05777,98.93683,96.95422,95.52796,,
Germany,DEU,"Lower secondary completion rate, total (% of relevant age group)",SE.SEC.CMPT.LO.ZS,,,,,79.1711,81.77931,,85.91679,83.65064,,,,,,,,,,,
Djibouti,DJI,"Lower secondary completion rate, total (% of relevant age group)",SE.SEC.CMPT.LO.ZS,14.45806,,17.27113,,,19.0139,20.61192,21.58385,22.59573,32.05598,,50.18487,47.79493,43.07794,42.23042,44.57155,43.27187,47.11612,49.22512,49.93653
Dominica,DMA,"Lower secondary completion rate, total (% of relevant age group)",SE.SEC.CMPT.LO.ZS,,,,106.12089,101.83284,92.36063,85.88235,81.32417,79.24066,82.20974,77.95945,80.02736,82.3487,73.9726,87.16921,90.69374,,,,
Denmark,DNK,"Lower secondary completion rate, total (% of relevant age group)",SE.SEC.CMPT.LO.ZS,,,,,,,,,99.21456,97.11874,97.80104,99.70815,96.37104,97.55675,95.83186,97.59461,99.45043,99.3981,,
Dominican Republic,DOM,"Lower secondary completion rate, total (% of relevant age group)",SE.SEC.CMPT.LO.ZS,60.78661,,64.12971,,72.39683,75.25055,,80.47182,85.72947,82.16032,83.52985,76.53803,75.78303,77.9202,77.73144,78.42523,84.59305,85.3822,,
Algeria,DZA,"Lower secondary completion rate, total (% of relevant age group)",SE.SEC.CMPT.LO.ZS,51.83131,54.77036,60.68283,61.44483,62.332,72.53127,66.10225,60.45256,55.27941,62.192,58.27984,70.43485,114.6342,85.26335,79.29411,76.15144,79.1348,,84.64131,
East Asia & Pacific (excluding high income),EAP,"Lower secondary completion rate, total (% of relevant age group)",SE.SEC.CMPT.LO.ZS,75.80303955,77.91605377,80.61496735,83.41616821,85.86273956,86.66455841,87.72827911,89.26515198,91.13159943,91.65615845,90.65571,91.40791,88.30972,85.87122,83.08472,85.62396,87.12083,85.86704,85.11388,
Early-demographic dividend,EAR,"Lower secondary completion rate, total (% of relevant age group)",SE.SEC.CMPT.LO.ZS,55.07239151,56.2924614,57.71453857,59.69150162,60.9960289,61.78858185,62.78073883,64.63117218,66.41906738,68.40380096,70.00508,71.74573,73.17308,74.32889,77.19381,78.37353,79.23359,78.42273,78.99547,
East Asia & Pacific,EAS,"Lower secondary completion rate, total (% of relevant age group)",SE.SEC.CMPT.LO.ZS,75.92492676,77.98504639,80.64083862,83.40046692,85.73191833,86.39936829,87.50198364,88.94178009,90.71307373,91.30474091,90.38824,91.11118,88.20368,85.91711,83.40936,85.9702,87.20907,85.90342,85.41002,
Europe & Central Asia (excluding high income),ECA,"Lower secondary completion rate, total (% of relevant age group)",SE.SEC.CMPT.LO.ZS,85.67826843,87.52559662,89.95220947,90.3963089,88.50878143,88.45128632,87.1665802,87.7181778,87.28511047,83.59999084,93.19763,93.73536,92.2113,93.02686,94.80514,94.47543,94.03,92.5796,93.2416,
Europe & Central Asia,ECS,"Lower secondary completion rate, total (% of relevant age group)",SE.SEC.CMPT.LO.ZS,87.58315277,88.52765656,90.00695801,90.29531097,89.46273804,89.6681366,89.78787994,89.95806122,89.53662109,87.46392059,92.31963,92.93055,92.33306,92.73893,93.74984,93.58737,93.6302,93.20735,93.5496,
Ecuador,ECU,"Lower secondary completion rate, total (% of relevant age group)",SE.SEC.CMPT.LO.ZS,57.12361,56.77544,57.16524,57.29871,58.56633,60.70467,62.37029,64.32953,,79.6002,84.94763,82.43829,83.96199,91.29519,98.23816,101.1498,100.4855,97.76213,,
"Egypt, Arab Rep.",EGY,"Lower secondary completion rate, total (% of relevant age group)",SE.SEC.CMPT.LO.ZS,,,84.45279,80.32719,78.19512,,,,,71.62685,,,,77.67756,77.20572,,83.54232,82.39574,84.57683,
Euro area,EMU,"Lower secondary completion rate, total (% of relevant age group)",SE.SEC.CMPT.LO.ZS,85.83554077,85.99120331,86.76357269,86.69847107,86.94477081,87.6102829,89.92440796,89.62895966,88.90338898,88.43373108,88.55423,89.51885,90.00213,89.91816,90.26471,90.03476,90.49837,91.27539,91.30153,
Eritrea,ERI,"Lower secondary completion rate, total (% of relevant age group)",SE.SEC.CMPT.LO.ZS,37.32304,35.40199,39.91185,37.25859,39.03782,,43.62209,46.80738,48.74067,55.13906,58.27893,70.84835,94.78116,,,52.41189,,47.20719,,
Spain,ESP,"Lower secondary completion rate, total (% of relevant age group)",SE.SEC.CMPT.LO.ZS,,,,,,,,,,79.47364,77.75879,,,,88.01182,91.04118,91.93805,95.34045,,
Estonia,EST,"Lower secondary completion rate, total (% of relevant age group)",SE.SEC.CMPT.LO.ZS,90.0163,90.12827,93.96418,,100.2816,104.53211,107.08501,,103.61801,98.93314,97.65382,97.51713,100.702,104.8427,105.2865,107.4186,107.9625,104.5354,,
Ethiopia,ETH,"Lower secondary completion rate, total (% of relevant age group)",SE.SEC.CMPT.LO.ZS,,,,,,19.21251,,,29.41283,27.75757,28.53528,,25.63135,,29.19408,29.46479,,,,
European Union,EUU,"Lower secondary completion rate, total (% of relevant age group)",SE.SEC.CMPT.LO.ZS,88.92147064,88.85140228,89.19528961,89.2435379,89.74186707,90.17098999,91.66412354,91.66191101,91.37390137,91.09999847,90.89808,92.17642,91.71745,91.7768,92.196,92.1815,92.55661,93.15084,93.1818,
Fragile and conflict affected situations,FCS,"Lower secondary completion rate, total (% of relevant age group)",SE.SEC.CMPT.LO.ZS,30.77404976,31.90286064,32.90322876,34.02346039,35.88999939,36.67008972,37.52997971,38.20935822,39.86465073,41.07266998,41.5628,42.65219,43.5948,43.12016,44.72426,45.43448,46.29039,48.15316,48.22448,
Finland,FIN,"Lower secondary completion rate, total (% of relevant age group)",SE.SEC.CMPT.LO.ZS,,,,,104.26986,103.39868,,99.87739,,96.3522,97.75357,98.72907,97.87515,98.66726,98.16565,100.0938,99.84461,99.47028,,
Fiji,FJI,"Lower secondary completion rate, total (% of relevant age group)",SE.SEC.CMPT.LO.ZS,,,,90.54037,91.37463,,,,92.73339,89.07024,,97.59725,96.35366,101.078,,101.9722,102.5643,,,
France,FRA,"Lower secondary completion rate, total (% of relevant age group)",SE.SEC.CMPT.LO.ZS,,,,,,89.91944,98.26523,97.34453,99.46754,97.7274,96.58065,97.19854,98.71588,97.29543,97.22827,96.09106,98.45285,99.90175,,
Faroe Islands,FRO,"Lower secondary completion rate, total (% of relevant age group)",SE.SEC.CMPT.LO.ZS,,,,,,,,,,,,,,,,,,,,
"Micronesia, Fed. Sts.",FSM,"Lower secondary completion rate, total (% of relevant age group)",SE.SEC.CMPT.LO.ZS,,,,,,,,,,,,,,,,,,,,
Gabon,GAB,"Lower secondary completion rate, total (% of relevant age group)",SE.SEC.CMPT.LO.ZS,,,,,,,,,,,,,,,,,,,,
United Kingdom,GBR,"Lower secondary completion rate, total (% of relevant age group)",SE.SEC.CMPT.LO.ZS,,,,,,,,,,,,,,,,,,100.8952,,
Georgia,GEO,"Lower secondary completion rate, total (% of relevant age group)",SE.SEC.CMPT.LO.ZS,91.25123,91.27194,92.21309,90.10459,92.56155,106.13596,107.4204,106.38275,97.42311,93.15207,99.63133,,103.4143,104.9996,97.99928,101.7757,103.3819,103.3294,101.8094,
Ghana,GHA,"Lower secondary completion rate, total (% of relevant age group)",SE.SEC.CMPT.LO.ZS,53.37593,49.51353,53.53757,50.71168,52.16981,55.3041,,,63.36909,69.6991,,64.42614,63.26222,66.30104,65.55722,74.09868,,73.4526,78.04168,
Gibraltar,GIB,"Lower secondary completion rate, total (% of relevant age group)",SE.SEC.CMPT.LO.ZS,,,,,,,,,,,,,,,,,79.11392,98.7234,,
Guinea,GIN,"Lower secondary completion rate, total (% of relevant age group)",SE.SEC.CMPT.LO.ZS,11.30956,12.39221,,16.37553,21.23523,22.91378,24.59473,30.24864,,33.97924,35.33283,31.00712,35.79414,36.27385,35.41118,,,,,
"Gambia, The",GMB,"Lower secondary completion rate, total (% of relevant age group)",SE.SEC.CMPT.LO.ZS,40.19994,39.46978,38.55858,47.98786,54.12906,58.67487,57.75907,54.61182,49.46829,51.87959,52.14389,56.30139,58.10166,58.79864,59.209,,,,,
Guinea-Bissau,GNB,"Lower secondary completion rate, total (% of relevant age group)",SE.SEC.CMPT.LO.ZS,13.24443,,,,,,,,,,36.7917,,,,,,,,,
Equatorial Guinea,GNQ,"Lower secondary completion rate, total (% of relevant age group)",SE.SEC.CMPT.LO.ZS,12.49408,,,,,19.66152,,,,,,26.8906,28.84307,,,24.19735,,,,
Greece,GRC,"Lower secondary completion rate, total (% of relevant age group)",SE.SEC.CMPT.LO.ZS,,,,,,90.09,86.49993,95.09724,,,98.71602,95.45001,95.72359,92.64519,89.20695,94.03724,92.5322,94.79083,,
Grenada,GRD,"Lower secondary completion rate, total (% of relevant age group)",SE.SEC.CMPT.LO.ZS,,,97.58942,98.41017,,89.65517,,85.58008,90.79074,109.14032,,,,,106.7087,98.43844,102.5802,104.7745,,
Greenland,GRL,"Lower secondary completion rate, total (% of relevant age group)",SE.SEC.CMPT.LO.ZS,,,,,,,,,,,,,,,,,,,,
Guatemala,GTM,"Lower secondary completion rate, total (% of relevant age group)",SE.SEC.CMPT.LO.ZS,29.59736,32.79529,36.62029,,40.04303,41.55613,45.36432,47.09555,49.17168,51.18574,55.6324,59.09265,58.74864,56.77069,58.43441,61.69872,62.63902,56.93645,56.40378,
Guam,GUM,"Lower secondary completion rate, total (% of relevant age group)",SE.SEC.CMPT.LO.ZS,,,,,,,,,,,,,,,,,,,,
Guyana,GUY,"Lower secondary completion rate, total (% of relevant age group)",SE.SEC.CMPT.LO.ZS,92.71274,78.51789,,,,,,,70.75828,75.74331,79.08362,,,,,,,,,
High income,HIC,"Lower secondary completion rate, total (% of relevant age group)",SE.SEC.CMPT.LO.ZS,88.27333069,88.65747833,89.29196167,89.88233948,90.3428421,90.56890106,91.49054718,91.43164063,91.47923279,91.96018982,92.30951,92.67237,92.65474,92.75065,93.36441,94.44896,94.03815,93.68787,94.2606,
"Hong Kong SAR, China",HKG,"Lower secondary completion rate, total (% of relevant age group)",SE.SEC.CMPT.LO.ZS,,89.14215,89.62088,96.83611,95.67464,95.84222,96.08481,96.69377,97.45829,98.42505,101.1293,99.94045,98.65617,95.61844,93.77168,100.9924,101.0092,104.7007,106.7035,
Honduras,HND,"Lower secondary completion rate, total (% of relevant age group)",SE.SEC.CMPT.LO.ZS,,,,,,43.48063,,47.06758,,,,,42.87394,36.82339,46.72914,,45.76367,,,
Heavily indebted poor countries (HIPC),HPC,"Lower secondary completion rate, total (% of relevant age group)",SE.SEC.CMPT.LO.ZS,21.43642044,21.97912025,23.31936073,24.15045929,25.11873055,26.39097977,27.99081993,29.73679924,32.13146973,33.37899017,34.68207,35.66378,36.59848,37.34851,38.52664,39.34232,39.57798,40.38944,40.69593,
Croatia,HRV,"Lower secondary completion rate, total (% of relevant age group)",SE.SEC.CMPT.LO.ZS,89.79843,89.85573,91.69671,90.11455,,94.94719,97.87799,97.19591,98.87817,101.13325,99.70409,102.1385,96.7873,,,,93.08521,,,
Haiti,HTI,"Lower secondary completion rate, total (% of relevant age group)",SE.SEC.CMPT.LO.ZS,,,,,,,,,,,,,,,,,,,,
Hungary,HUN,"Lower secondary completion rate, total (% of relevant age group)",SE.SEC.CMPT.LO.ZS,,,,,,,,,,,,,,92.89568,92.13105,93.80418,93.45755,93.73495,,
IBRD only,IBD,"Lower secondary completion rate, total (% of relevant age group)",SE.SEC.CMPT.LO.ZS,68.91327667,70.58616638,72.6701889,74.93910217,76.41194916,77.26039886,77.77838135,78.97810364,80.37904358,81.25787354,82.44128,83.74409,83.50813,83.06704,83.58274,84.71428,85.51301,84.46385,84.20352,
IDA & IBRD total,IBT,"Lower secondary completion rate, total (% of relevant age group)",SE.SEC.CMPT.LO.ZS,60.35113144,61.90357971,63.91801071,65.86023712,66.81820679,67.27184296,67.67098999,68.56755066,69.70825195,70.40692139,71.24055,72.25547,72.29247,72.0678,72.64062,73.52686,74.1054,73.47188,73.45489,
IDA total,IDA,"Lower secondary completion rate, total (% of relevant age group)",SE.SEC.CMPT.LO.ZS,33.07213974,34.09186172,35.69514847,36.85123062,37.08375168,37.67575073,39.02738953,40.41910172,42.07754135,43.18225861,43.90238,44.8867,46.18467,47.05172,48.21893,49.18522,49.86492,50.52743,51.39368,
IDA blend,IDB,"Lower secondary completion rate, total (% of relevant age group)",SE.SEC.CMPT.LO.ZS,37.77637863,38.61444092,40.81042099,42.50542831,42.85866928,43.37960815,44.97735977,46.45127106,47.72605133,48.59920883,49.56528,50.09951,51.11596,51.88109,52.34745,53.18368,53.85974,53.78299,54.38578,
Indonesia,IDN,"Lower secondary completion rate, total (% of relevant age group)",SE.SEC.CMPT.LO.ZS,,,69.11964,72.5071,73.63898,69.48098,70.39806,78.24228,74.92702,82.33577,85.64961,89.23987,82.65231,81.36431,,91.58336,93.85369,89.97176,,
IDA only,IDX,"Lower secondary completion rate, total (% of relevant age group)",SE.SEC.CMPT.LO.ZS,30.63928986,31.74703026,33.02574158,33.89910126,34.07266998,34.71136093,35.94451141,37.30348969,39.1731987,40.4086113,41.02036,42.25632,43.70792,44.6392,46.16638,47.20109,47.88151,48.91194,49.90628,
Isle of Man,IMN,"Lower secondary completion rate, total (% of relevant age group)",SE.SEC.CMPT.LO.ZS,,,,,,,,,,,,,,,,,,,,
India,IND,"Lower secondary completion rate, total (% of relevant age group)",SE.SEC.CMPT.LO.ZS,,,53.25109,56.44677,,,62.54976,,68.09647,,,76.27424,,80.78497,85.50408,85.4335,85.85585,84.99944,,
Not classified,INX,"Lower secondary completion rate, total (% of relevant age group)",SE.SEC.CMPT.LO.ZS,,,,,,,,,,,,,,,,,,,,
Ireland,IRL,"Lower secondary completion rate, total (% of relevant age group)",SE.SEC.CMPT.LO.ZS,97.01642,97.00375,97.97256,98.32365,97.86055,99.32318,98.51205,98.52218,97.7907,98.67719,99.90877,100.3378,,,100.8499,98.85194,99.40218,100.1122,,
"Iran, Islamic Rep.",IRN,"Lower secondary completion rate, total (% of relevant age group)",SE.SEC.CMPT.LO.ZS,77.00085,74.00013,73.40541,82.81996,,,85.38605,,87.4445,89.6053,85.81436,88.41347,91.8849,,,,89.27988,90.22688,,
Iraq,IRQ,"Lower secondary completion rate, total (% of relevant age group)",SE.SEC.CMPT.LO.ZS,28.622,,,,48.65197,,,48.40231,,,,,,,,,,,,
Iceland,ISL,"Lower secondary completion rate, total (% of relevant age group)",SE.SEC.CMPT.LO.ZS,93.37474,90.17503,92.02847,100.65407,111.92326,106.09929,108.17112,97.56733,,96.37295,93.531,92.93816,96.73961,,,,,,,
Israel,ISR,"Lower secondary completion rate, total (% of relevant age group)",SE.SEC.CMPT.LO.ZS,,,99.4605,100.78477,105.17095,101.8271,98.31724,101.16846,97.06613,95.4466,99.32251,97.16394,99.23238,102.1726,101.0195,106.7838,102.5685,102.7054,,
Italy,ITA,"Lower secondary completion rate, total (% of relevant age group)",SE.SEC.CMPT.LO.ZS,,98.31445,102.68334,102.30367,103.77572,103.68519,104.85755,101.78001,99.28079,99.49027,100.7726,103.9707,103.0209,103.2842,103.7293,99.97076,98.88941,98.97453,,
Jamaica,JAM,"Lower secondary completion rate, total (% of relevant age group)",SE.SEC.CMPT.LO.ZS,97.64145,95.07497,92.38041,92.81077,100.07126,,,,,99.01315,99.527,95.12174,,90.60658,85.62246,88.33255,,84.9632,82.38956,
Jordan,JOR,"Lower secondary completion rate, total (% of relevant age group)",SE.SEC.CMPT.LO.ZS,,,83.97418,84.94797,83.56541,,79.41601,81.55946,82.67892,,,79.92717,76.80902,70.40943,68.5213,,,58.7414,59.02955,
Japan,JPN,"Lower secondary completion rate, total (% of relevant age group)",SE.SEC.CMPT.LO.ZS,,,,,,,,,,,,,,,,,,,,
Kazakhstan,KAZ,"Lower secondary completion rate, total (% of relevant age group)",SE.SEC.CMPT.LO.ZS,94.89779,99.68257,98.26628,94.51478,96.04164,94.99086,95.72867,95.41656,95.5648,101.31325,101.7517,98.33863,97.16125,103.0394,105.7637,109.1378,116.6814,110.8607,113.6108,
Kenya,KEN,"Lower secondary completion rate, total (% of relevant age group)",SE.SEC.CMPT.LO.ZS,,,,,,,,,,,,,,,76.24432,78.45523,79.20055,,,
Kyrgyz Republic,KGZ,"Lower secondary completion rate, total (% of relevant age group)",SE.SEC.CMPT.LO.ZS,,93.03375,94.11862,90.19818,86.50329,87.29554,86.99132,86.5416,83.98586,85.32238,90.19204,92.06856,89.07801,88.74335,91.73119,90.7403,90.2758,91.72583,95.10779,
Cambodia,KHM,"Lower secondary completion rate, total (% of relevant age group)",SE.SEC.CMPT.LO.ZS,,16.48444,23.61079,28.78781,31.54361,34.47273,36.66074,41.03013,46.15559,,49.40791,46.60716,44.83173,43.76671,45.23321,48.17112,47.42114,54.24375,58.4091,
Kiribati,KIR,"Lower secondary completion rate, total (% of relevant age group)",SE.SEC.CMPT.LO.ZS,,,,,,,,,,,,,,,101.5755,,94.55615,,,
St. Kitts and Nevis,KNA,"Lower secondary completion rate, total (% of relevant age group)",SE.SEC.CMPT.LO.ZS,,111.69451,,105.62874,101.67665,,,123.22097,118.36478,114.89362,112.8395,111.4494,,108.1243,107.8884,118.1024,111.1538,,,
"Korea, Rep.",KOR,"Lower secondary completion rate, total (% of relevant age group)",SE.SEC.CMPT.LO.ZS,96.24345,99.37243,102.41142,100.90335,97.91365,93.23891,98.42232,97.6575,,,,98.87393,,99.15504,101.475,109.1513,103.2787,95.7709,,
Kuwait,KWT,"Lower secondary completion rate, total (% of relevant age group)",SE.SEC.CMPT.LO.ZS,89.26168,85.98477,92.8368,95.70627,99.25123,111.92401,81.92915,97.2933,94.98789,96.76272,96.87566,,92.59511,88.97962,,,89.49686,92.59727,94.29438,
Latin America & Caribbean (excluding high income),LAC,"Lower secondary completion rate, total (% of relevant age group)",SE.SEC.CMPT.LO.ZS,69.10196686,69.72406769,71.35864258,72.28623962,73.44387054,74.78132629,74.74997711,74.93318939,75.63258362,76.52200317,77.51477,77.42267,77.22202,77.09943,77.53571,79.09558,79.8689,79.93062,80.36025,
Lao PDR,LAO,"Lower secondary completion rate, total (% of relevant age group)",SE.SEC.CMPT.LO.ZS,35.25088,36.69625,40.52741,43.27944,45.42476,44.99472,43.08283,43.17178,44.50558,47.38916,42.26724,43.90433,46.77799,50.24408,55.48227,62.33986,66.55462,69.28463,67.10647,
Lebanon,LBN,"Lower secondary completion rate, total (% of relevant age group)",SE.SEC.CMPT.LO.ZS,,,,,,,,,,,,,,,,,,,,
Liberia,LBR,"Lower secondary completion rate, total (% of relevant age group)",SE.SEC.CMPT.LO.ZS,38.98492,,,,,,,,36.60897,40.74423,,43.13897,,,37.87598,,,44.21366,,
Libya,LBY,"Lower secondary completion rate, total (% of relevant age group)",SE.SEC.CMPT.LO.ZS,,,,,,,,,,,,,,,,,,,,
St. Lucia,LCA,"Lower secondary completion rate, total (% of relevant age group)",SE.SEC.CMPT.LO.ZS,81.13764,77.2476,75.17301,72.80802,71.20823,75.24979,,85.81745,85.28226,109.4182,98.16166,91.51335,87.65507,84.20398,87.10611,,89.48102,91.36297,86.22002,
Latin America & Caribbean,LCN,"Lower secondary completion rate, total (% of relevant age group)",SE.SEC.CMPT.LO.ZS,69.60913086,70.23642731,71.84707642,72.77261353,73.8653717,75.1437912,75.23339844,75.41445923,76.1028595,76.98615265,77.93813,77.85124,77.68816,77.49422,77.99739,79.48278,80.22657,80.24696,80.6598,
Least developed countries: UN classification,LDC,"Lower secondary completion rate, total (% of relevant age group)",SE.SEC.CMPT.LO.ZS,27.97026062,29.40286064,30.59096909,31.30751991,31.36236,31.83683014,33.07704926,34.45898056,36.21635818,37.48616028,38.21461,39.73758,41.34631,42.70971,44.26343,45.08708,45.73885,46.71,47.54806,
Low income,LIC,"Lower secondary completion rate, total (% of relevant age group)",SE.SEC.CMPT.LO.ZS,22.23316002,22.9720993,23.94874954,25.29155922,26.47905922,27.7539196,29.39591026,30.99580956,32.90142822,34.25999069,35.82426,36.91855,38.03645,38.30094,39.72331,40.06828,40.4128,40.60118,40.45219,
Liechtenstein,LIE,"Lower secondary completion rate, total (% of relevant age group)",SE.SEC.CMPT.LO.ZS,,,,73.28431,,71.875,73.03103,83.18386,100.49505,108.48624,119.1067,104.8998,,,98.51485,92.64706,86.0241,,,
Sri Lanka,LKA,"Lower secondary completion rate, total (% of relevant age group)",SE.SEC.CMPT.LO.ZS,,89.48219,90.45631,93.20827,,97.10868,100.74855,97.35001,94.28687,91.37477,97.58554,96.42702,92.32519,95.17776,95.91737,96.10757,94.75415,96.36755,,
Lower middle income,LMC,"Lower secondary completion rate, total (% of relevant age group)",SE.SEC.CMPT.LO.ZS,51.82947159,52.82217026,54.34505844,56.61571121,57.93743134,58.53163147,59.57323837,61.51705933,63.36024857,64.95664978,66.91445,68.60953,69.5834,70.93971,74.16949,75.29959,76.03253,75.28702,75.78353,
Low & middle income,LMY,"Lower secondary completion rate, total (% of relevant age group)",SE.SEC.CMPT.LO.ZS,60.1247406,61.6919899,63.73950958,65.70687103,66.67962646,67.14732361,67.53543091,68.43843842,69.58454895,70.29836273,71.13123,72.14793,72.19323,71.97946,72.55405,73.45279,74.03496,73.41099,73.40448,
Lesotho,LSO,"Lower secondary completion rate, total (% of relevant age group)",SE.SEC.CMPT.LO.ZS,23.9076,25.83669,25.72469,27.2192,29.41036,30.57375,31.79413,31.62183,33.86627,40.82099,45.23927,,48.75339,48.56411,49.92154,,46.92807,47.3778,,
Late-demographic dividend,LTE,"Lower secondary completion rate, total (% of relevant age group)",SE.SEC.CMPT.LO.ZS,80.07848358,81.70951843,84.00717926,85.95246887,87.41020203,88.77780914,89.64057922,90.50832367,91.99726868,91.9697876,91.20007,91.72127,89.4384,87.07624,83.74915,85.29847,86.22148,85.67803,85.05656,
Lithuania,LTU,"Lower secondary completion rate, total (% of relevant age group)",SE.SEC.CMPT.LO.ZS,80.34337,90.5331,96.34963,96.52515,,,,,,,,103.0433,102.8974,106.4439,100.8207,101.0196,101.3228,97.9981,,
Luxembourg,LUX,"Lower secondary completion rate, total (% of relevant age group)",SE.SEC.CMPT.LO.ZS,,,,,,,97.55313,96.21622,94.97779,,102.0046,103.4219,109.6427,99.05397,97.01217,97.20722,98.72927,95.33415,,
Latvia,LVA,"Lower secondary completion rate, total (% of relevant age group)",SE.SEC.CMPT.LO.ZS,,,,,,,,,,,,,,104.6512,99.87355,95.57563,96.21353,98.80857,,
"Macao SAR, China",MAC,"Lower secondary completion rate, total (% of relevant age group)",SE.SEC.CMPT.LO.ZS,76.19374,76.13432,74.57806,76.20529,82.22442,84.45364,83.99264,84.54982,79.95918,80.37485,85.57665,88.58063,88.57143,88.54988,93.78114,92.55233,95.89618,100.8466,97.88481,
St. Martin (French part),MAF,"Lower secondary completion rate, total (% of relevant age group)",SE.SEC.CMPT.LO.ZS,,,,,,,,,,,,,,,,,,,,
Morocco,MAR,"Lower secondary completion rate, total (% of relevant age group)",SE.SEC.CMPT.LO.ZS,33.40975,35.47795,39.19832,40.2461,41.84627,,46.96326,51.23422,54.09897,59.32346,59.96782,61.53365,63.30104,65.83206,68.4906,70.65762,67.97008,65.01004,64.91828,
Monaco,MCO,"Lower secondary completion rate, total (% of relevant age group)",SE.SEC.CMPT.LO.ZS,,,,,,,,,,,,,,,,,,,,
Moldova,MDA,"Lower secondary completion rate, total (% of relevant age group)",SE.SEC.CMPT.LO.ZS,86.85348,80.4272,81.96587,86.21411,86.26014,88.84029,89.02025,86.31811,86.9908,86.87018,87.75343,86.40908,85.14983,83.40754,85.00368,84.07425,83.07987,82.10988,85.10188,
Madagascar,MDG,"Lower secondary completion rate, total (% of relevant age group)",SE.SEC.CMPT.LO.ZS,13.30759,12.72205,13.10067,14.23371,15.50848,18.15766,19.9822,22.19018,24.82876,26.91277,28.7913,31.47914,33.46426,37.70096,36.95841,37.65829,36.02995,36.55817,36.99672,
Maldives,MDV,"Lower secondary completion rate, total (% of relevant age group)",SE.SEC.CMPT.LO.ZS,,,,,,92.8328,82.53429,97.62442,103.62434,,,,97.63968,101.6239,97.79758,99.52507,102.2432,108.1804,,
Middle East & North Africa,MEA,"Lower secondary completion rate, total (% of relevant age group)",SE.SEC.CMPT.LO.ZS,63.30635834,64.35865784,66.19715118,68.29717255,68.96797943,69.87068939,68.53605652,68.53572845,68.57824707,70.76596069,70.36988,72.32267,77.08062,73.84586,73.66258,75.09618,75.29549,74.64602,75.63587,
Mexico,MEX,"Lower secondary completion rate, total (% of relevant age group)",SE.SEC.CMPT.LO.ZS,70.24668,,74.8188,77.86756,80.13591,82.11017,81.82424,82.30124,82.37144,84.53265,85.08162,85.35582,85.37721,86.93409,87.26726,92.96433,96.01552,97.1903,,
Marshall Islands,MHL,"Lower secondary completion rate, total (% of relevant age group)",SE.SEC.CMPT.LO.ZS,,,95.87184,,,,,95.60337,96.1825,95.69798,,109.4753,,,,,,,,
Middle income,MIC,"Lower secondary completion rate, total (% of relevant age group)",SE.SEC.CMPT.LO.ZS,64.05143738,65.71096802,67.87242889,69.97585297,71.0705719,71.65258026,72.10314178,73.13947296,74.39598846,75.19267273,76.08204,77.23647,77.26054,77.10925,77.66568,78.78982,79.54633,78.90012,79.02648,
North Macedonia,MKD,"Lower secondary completion rate, total (% of relevant age group)",SE.SEC.CMPT.LO.ZS,91.35972,91.57104,94.36519,92.7053,88.68918,90.22485,91.00369,88.9203,87.36423,88.79333,87.68082,,,,,88.08536,,,,
Mali,MLI,"Lower secondary completion rate, total (% of relevant age group)",SE.SEC.CMPT.LO.ZS,,15.91958,16.59067,,,,,,30.54473,33.82219,36.11354,40.03218,,30.14589,33.35581,30.80515,30.61697,29.69817,,
Malta,MLT,"Lower secondary completion rate, total (% of relevant age group)",SE.SEC.CMPT.LO.ZS,83.55693,82.99414,87.05434,93.54055,96.31891,97.54386,99.66508,98.68327,96.94891,93.92541,100.038,101.1575,103.435,97.87517,101.2348,95.36204,100.4434,,,
Myanmar,MMR,"Lower secondary completion rate, total (% of relevant age group)",SE.SEC.CMPT.LO.ZS,33.1899,33.77357,34.40874,35.07023,40.15821,39.93926,41.84267,40.37797,,43.89394,43.79158,,,,49.04502,,54.66938,61.06886,,
Middle East & North Africa (excluding high income),MNA,"Lower secondary completion rate, total (% of relevant age group)",SE.SEC.CMPT.LO.ZS,61.90945816,62.90626907,64.74494934,66.84668732,67.25430298,68.04483032,66.63831329,66.42225647,66.26439667,68.02397156,66.91491,69.13451,74.51717,70.59426,70.07093,70.6966,71.51597,71.27315,72.37347,
Montenegro,MNE,"Lower secondary completion rate, total (% of relevant age group)",SE.SEC.CMPT.LO.ZS,,,,,,,,,,,,76.98553,96.72308,,,92.37508,97.12787,99.40302,,
Mongolia,MNG,"Lower secondary completion rate, total (% of relevant age group)",SE.SEC.CMPT.LO.ZS,62.71829,66.69103,78.49714,79.93918,82.98896,89.77175,94.61215,93.67011,91.08274,91.27666,106.5425,,,,,,,,105.1724,
Northern Mariana Islands,MNP,"Lower secondary completion rate, total (% of relevant age group)",SE.SEC.CMPT.LO.ZS,,,,,,,,,,,,,,,,,,,,
Mozambique,MOZ,"Lower secondary completion rate, total (% of relevant age group)",SE.SEC.CMPT.LO.ZS,3.87287,,5.76954,,7.34211,9.82503,10.82909,13.62224,17.62722,19.69775,21.11233,22.77175,22.65269,22.98453,22.60488,22.94938,,22.81743,,
Mauritania,MRT,"Lower secondary completion rate, total (% of relevant age group)",SE.SEC.CMPT.LO.ZS,,17.00868,16.15846,16.43939,16.56493,17.74716,20.39745,17.1311,,16.91834,,,20.29693,,29.5492,32.36714,29.4403,36.3263,41.85227,
Mauritius,MUS,"Lower secondary completion rate, total (% of relevant age group)",SE.SEC.CMPT.LO.ZS,75.39081,75.73745,74.4924,78.05082,76.99212,80.51871,77.90477,78.34938,83.90186,84.05705,81.94318,84.68098,82.34026,84.59484,85.88205,84.16783,88.49003,84.17671,86.75365,
Malawi,MWI,"Lower secondary completion rate, total (% of relevant age group)",SE.SEC.CMPT.LO.ZS,,,,,,17.18222,20.28526,18.35272,19.53118,20.20977,19.49304,19.85233,19.41558,21.55753,,,,,,
Malaysia,MYS,"Lower secondary completion rate, total (% of relevant age group)",SE.SEC.CMPT.LO.ZS,88.40864,85.48776,84.05729,94.09813,90.21788,86.41276,86.85272,86.9788,86.50514,85.11282,84.66087,85.04155,85.60541,82.98778,83.95919,86.2431,83.33722,83.29344,81.76969,
North America,NAC,"Lower secondary completion rate, total (% of relevant age group)",SE.SEC.CMPT.LO.ZS,,,,,,,,,,,,,,,,,95.99739,96.05857,96.21428,
Namibia,NAM,"Lower secondary completion rate, total (% of relevant age group)",SE.SEC.CMPT.LO.ZS,,,,,,,,,,,,,,,,,,,,
New Caledonia,NCL,"Lower secondary completion rate, total (% of relevant age group)",SE.SEC.CMPT.LO.ZS,,,,,,,,,,,,,,,,,,,,
Niger,NER,"Lower secondary completion rate, total (% of relevant age group)",SE.SEC.CMPT.LO.ZS,4.77789,4.85958,4.44458,4.84548,6.82176,7.1116,7.90157,7.57376,8.78034,8.85479,8.67643,9.99895,11.52685,12.04837,12.21446,15.26305,16.55593,17.78935,18.9712,
Nigeria,NGA,"Lower secondary completion rate, total (% of relevant age group)",SE.SEC.CMPT.LO.ZS,25.0689,26.87299,,37.05653,,,,,,,47.06915,,,,,,,,,
Nicaragua,NIC,"Lower secondary completion rate, total (% of relevant age group)",SE.SEC.CMPT.LO.ZS,44.49509,45.61839,49.35444,,54.42846,58.82728,60.08034,62.28779,59.90999,,66.41756,,,,,,,,,
Netherlands,NLD,"Lower secondary completion rate, total (% of relevant age group)",SE.SEC.CMPT.LO.ZS,,,,,,,,,,,,,,,,,,,,
Norway,NOR,"Lower secondary completion rate, total (% of relevant age group)",SE.SEC.CMPT.LO.ZS,97.27814,96.84948,96.93658,97.29209,100.77381,102.11942,102.94713,102.18207,100.19695,97.61901,97.76789,99.09301,100.4896,99.97536,97.12916,99.65188,101.0668,98.49142,,
Nepal,NPL,"Lower secondary completion rate, total (% of relevant age group)",SE.SEC.CMPT.LO.ZS,42.37766,46.17632,48.53813,47.73201,,,,,60.56182,,66.62116,67.24923,73.63051,79.16641,83.66175,86.61104,89.61535,94.603,,
Nauru,NRU,"Lower secondary completion rate, total (% of relevant age group)",SE.SEC.CMPT.LO.ZS,,35.64815,33.65854,,,,,,,,,,73.30097,,,,,,,
New Zealand,NZL,"Lower secondary completion rate, total (% of relevant age group)",SE.SEC.CMPT.LO.ZS,,,,,,,,,,,,,,,,,,,,
OECD members,OED,"Lower secondary completion rate, total (% of relevant age group)",SE.SEC.CMPT.LO.ZS,85.42075348,86.24363708,87.28246307,88.37138367,89.26894379,89.97155762,90.5983963,90.75007629,90.93460846,91.04505157,91.87273,91.76328,91.73088,91.89364,92.49806,93.66651,93.6543,93.41955,93.87574,
Oman,OMN,"Lower secondary completion rate, total (% of relevant age group)",SE.SEC.CMPT.LO.ZS,73.24022,81.2151,81.95673,82.29649,,,,,,105.48235,,99.24752,93.5427,90.0866,98.76721,102.1686,102.3473,101.7768,103.5489,
Other small states,OSS,"Lower secondary completion rate, total (% of relevant age group)",SE.SEC.CMPT.LO.ZS,48.90483856,50.00341034,51.18048859,53.17908096,55.19065857,56.57360077,57.74201965,57.38039017,58.29898834,61.11600113,61.95978,63.25663,63.66009,63.35351,64.32608,64.86205,66.19207,66.73222,67.01019,
Pakistan,PAK,"Lower secondary completion rate, total (% of relevant age group)",SE.SEC.CMPT.LO.ZS,,,,,32.29571,32.46275,,,38.02844,38.9407,38.4615,38.40102,40.83817,42.76747,44.66861,45.49245,47.00148,46.92579,48.18928,
Panama,PAN,"Lower secondary completion rate, total (% of relevant age group)",SE.SEC.CMPT.LO.ZS,,,,,45.46616,47.47518,65.75624,65.9119,65.92197,67.9983,69.93414,70.36273,74.19059,,,,,76.80485,,
Peru,PER,"Lower secondary completion rate, total (% of relevant age group)",SE.SEC.CMPT.LO.ZS,75.33198,78.3713,82.18609,,81.09835,80.13603,83.17014,,83.96075,86.61045,86.30237,85.7065,80.07784,87.35487,86.56666,87.44053,90.23062,93.56619,97.97501,
Philippines,PHL,"Lower secondary completion rate, total (% of relevant age group)",SE.SEC.CMPT.LO.ZS,,67.73972,68.74947,72.16313,81.67016,78.72586,75.54032,68.10332,80.60561,77.58298,,,,,81.00197,82.82037,85.10493,78.20432,,
Palau,PLW,"Lower secondary completion rate, total (% of relevant age group)",SE.SEC.CMPT.LO.ZS,,,,,91.2,,,,,,,,,,108.5202,,,,,
Papua New Guinea,PNG,"Lower secondary completion rate, total (% of relevant age group)",SE.SEC.CMPT.LO.ZS,,,,,,,,,,,,,60.04634,,,,62.12989,,,
Poland,POL,"Lower secondary completion rate, total (% of relevant age group)",SE.SEC.CMPT.LO.ZS,,,92.74216,94.27676,96.4588,96.49991,,,,,,,,93.89488,94.1687,95.03197,96.85804,97.69492,,
Pre-demographic dividend,PRE,"Lower secondary completion rate, total (% of relevant age group)",SE.SEC.CMPT.LO.ZS,23.34312057,24.31522942,26.31640053,28.17325974,29.15954018,30.1736908,31.39874077,32.81961823,34.76848984,36.27743912,37.83575,39.11648,40.20321,40.662,41.42509,42.04942,42.36449,43.08608,43.23059,
Puerto Rico,PRI,"Lower secondary completion rate, total (% of relevant age group)",SE.SEC.CMPT.LO.ZS,,,,,,,,,,,,,,,,85.56973,,,,
"Korea, Dem. People’s Rep.",PRK,"Lower secondary completion rate, total (% of relevant age group)",SE.SEC.CMPT.LO.ZS,,,,,,,,,,,,,,,,,,,,
Portugal,PRT,"Lower secondary completion rate, total (% of relevant age group)",SE.SEC.CMPT.LO.ZS,,,,,,,,,,,,,,,,,,,,
Paraguay,PRY,"Lower secondary completion rate, total (% of relevant age group)",SE.SEC.CMPT.LO.ZS,,70.18488,70.40398,68.85844,69.62047,86.43644,,80.46382,79.33779,68.76268,69.94155,71.67613,73.37699,,,,,,,
West Bank and Gaza,PSE,"Lower secondary completion rate, total (% of relevant age group)",SE.SEC.CMPT.LO.ZS,65.1963,67.48738,69.77584,73.81984,81.54299,,85.08433,88.01378,84.20579,90.19218,81.66608,83.29059,78.59134,77.30152,75.95151,76.82094,80.99863,81.72671,89.50354,
Pacific island small states,PSS,"Lower secondary completion rate, total (% of relevant age group)",SE.SEC.CMPT.LO.ZS,68.27150726,71.38948059,73.33686066,74.52612305,74.21617126,73.95870209,73.53690338,75.3290329,76.90914917,76.88540649,79.49358,81.0048,79.435,80.6065,80.33804,79.80902,78.68618,78.23002,78.1328,
Post-demographic dividend,PST,"Lower secondary completion rate, total (% of relevant age group)",SE.SEC.CMPT.LO.ZS,89.21024323,89.71897125,90.45243073,91.07830048,91.266922,91.58838654,92.38414764,92.46875,92.17156982,90.64206696,92.8018,92.66237,92.55877,92.52538,92.80494,93.43293,93.22589,93.13169,93.70257,
French Polynesia,PYF,"Lower secondary completion rate, total (% of relevant age group)",SE.SEC.CMPT.LO.ZS,,,,,,,,,,,,,,,,,,,,
Qatar,QAT,"Lower secondary completion rate, total (% of relevant age group)",SE.SEC.CMPT.LO.ZS,,,,,,96.6753,88.64386,87.39488,106.16209,118.64975,,113.6321,,83.57904,85.0158,89.19589,90.88259,84.58809,88.43579,
Romania,ROU,"Lower secondary completion rate, total (% of relevant age group)",SE.SEC.CMPT.LO.ZS,,85.82953,86.39555,85.68487,87.20479,86.18375,82.89735,88.74555,91.62954,92.83528,90.79528,105.9072,86.86118,87.29104,89.94736,90.83974,89.0415,,,
Russian Federation,RUS,"Lower secondary completion rate, total (% of relevant age group)",SE.SEC.CMPT.LO.ZS,,88.26532,90.75336,89.46619,83.77629,80.33178,74.99058,72.17082,71.61821,71.50826,,86.11064,86.63552,91.0861,96.00013,95.43933,95.93125,,,
Rwanda,RWA,"Lower secondary completion rate, total (% of relevant age group)",SE.SEC.CMPT.LO.ZS,,,,,,,,,,,,,36.10366,,35.79786,34.74532,35.24466,37.66373,36.79467,
South Asia,SAS,"Lower secondary completion rate, total (% of relevant age group)",SE.SEC.CMPT.LO.ZS,49.62268066,50.61008835,51.23870087,53.56351089,54.6171608,55.93331146,57.7210083,60.09934998,62.50489044,64.76412201,66.67804,69.10195,71.62163,74.13082,78.23189,78.6759,79.54534,79.16563,79.79062,
Saudi Arabia,SAU,"Lower secondary completion rate, total (% of relevant age group)",SE.SEC.CMPT.LO.ZS,,,,,,80.92912,,81.93377,83.83835,,99.28412,99.66548,101.4041,105.6138,108.6691,,,106.4786,,
Sudan,SDN,"Lower secondary completion rate, total (% of relevant age group)",SE.SEC.CMPT.LO.ZS,,,,,,,,,,,52.13374,,,51.30631,50.46706,50.89978,49.74509,57.542,,
Senegal,SEN,"Lower secondary completion rate, total (% of relevant age group)",SE.SEC.CMPT.LO.ZS,13.43816,13.27358,14.41386,19.94511,18.15811,20.3908,23.04538,31.52004,26.26442,27.59542,30.81476,32.74249,34.58454,36.43792,40.93905,39.7081,37.44317,37.44877,,
Singapore,SGP,"Lower secondary completion rate, total (% of relevant age group)",SE.SEC.CMPT.LO.ZS,,,,,,,,,,,,,,,,,107.3664,104.6318,,
Solomon Islands,SLB,"Lower secondary completion rate, total (% of relevant age group)",SE.SEC.CMPT.LO.ZS,31.75823,,45.72027,,,,,,,,,64.27939,63.43184,,,,,70.30787,71.4147,
Sierra Leone,SLE,"Lower secondary completion rate, total (% of relevant age group)",SE.SEC.CMPT.LO.ZS,,20.38468,,,,,,,,,,40.35879,48.69024,47.33776,,46.39756,56.73944,50.90862,51.01734,
El Salvador,SLV,"Lower secondary completion rate, total (% of relevant age group)",SE.SEC.CMPT.LO.ZS,,63.34788,67.92283,72.6935,,73.66628,70.94586,70.06702,70.40787,72.17698,77.70577,81.02259,82.7288,80.70026,80.75428,83.07595,79.55857,77.84939,,
San Marino,SMR,"Lower secondary completion rate, total (% of relevant age group)",SE.SEC.CMPT.LO.ZS,84.61538,,,,92.80822,,,,85.62691,87.17949,102.0067,113.4276,112.3188,,,,,,103.2467,
Somalia,SOM,"Lower secondary completion rate, total (% of relevant age group)",SE.SEC.CMPT.LO.ZS,,,,,,,,,,,,,,,,,,,,
Serbia,SRB,"Lower secondary completion rate, total (% of relevant age group)",SE.SEC.CMPT.LO.ZS,,,,,,,,95.10051,95.19115,95.53899,94.59862,97.79565,102.6659,96.01579,96.2823,101.8181,95.14309,94.93034,97.9764,
Sub-Saharan Africa (excluding high income),SSA,"Lower secondary completion rate, total (% of relevant age group)",SE.SEC.CMPT.LO.ZS,27.2611599,28.54261017,30.92318916,31.55901909,32.2193718,33.31391907,34.60203171,36.02445984,37.92438126,39.05868149,40.22731,40.93671,41.53383,42.04098,42.69218,43.3111,43.44152,43.90744,44.10633,
South Sudan,SSD,"Lower secondary completion rate, total (% of relevant age group)",SE.SEC.CMPT.LO.ZS,,,,,,,,,,,,18.00301,,,,,,,,
Sub-Saharan Africa,SSF,"Lower secondary completion rate, total (% of relevant age group)",SE.SEC.CMPT.LO.ZS,27.26877975,28.54927063,30.92939949,31.56538963,32.22595978,33.32067108,34.60847855,36.03052139,37.93009949,39.0637207,40.23226,40.94132,41.53807,42.04491,42.69613,43.31496,43.44526,43.91087,44.1098,
Small states,SST,"Lower secondary completion rate, total (% of relevant age group)",SE.SEC.CMPT.LO.ZS,57.81697845,58.27421951,59.26597977,61.12506866,62.81520844,63.44789886,64.4916687,64.51584625,65.19628906,67.68112946,68.18013,68.77745,68.74071,68.36545,68.63723,69.25092,69.94336,70.10553,69.98381,
Sao Tome and Principe,STP,"Lower secondary completion rate, total (% of relevant age group)",SE.SEC.CMPT.LO.ZS,,,,25.10968,31.88669,35.14721,,31.93255,30.47084,,30.09759,45.01882,,79.5773,71.91781,71.61896,,73.53945,,
Suriname,SUR,"Lower secondary completion rate, total (% of relevant age group)",SE.SEC.CMPT.LO.ZS,,,,,,,,37.59437,34.73367,35.04274,37.39612,36.46174,38.64447,42.89685,46.09422,48.93807,44.30042,46.48707,45.17302,
Slovak Republic,SVK,"Lower secondary completion rate, total (% of relevant age group)",SE.SEC.CMPT.LO.ZS,,,,,83.13419,82.59451,86.04081,82.28483,82.78252,80.78595,83.4052,84.1007,85.47472,79.48024,87.05712,86.68772,,,,
Slovenia,SVN,"Lower secondary completion rate, total (% of relevant age group)",SE.SEC.CMPT.LO.ZS,91.80432,98.32122,100.37931,96.27454,,,96.01061,,,101.24351,99.2859,97.96252,96.22952,94.52289,94.02604,98.99796,96.65591,97.95059,,
Sweden,SWE,"Lower secondary completion rate, total (% of relevant age group)",SE.SEC.CMPT.LO.ZS,,,,,,,,,,93.69758,93.39113,92.54731,94.76468,97.73884,104.4557,105.7942,108.2479,109.6092,,
Eswatini,SWZ,"Lower secondary completion rate, total (% of relevant age group)",SE.SEC.CMPT.LO.ZS,33.75621,34.7061,37.42417,35.35323,39.33086,41.7088,47.1898,49.53661,,49.32018,52.60693,51.81689,51.96464,55.34272,53.125,53.19012,62.66104,67.44852,,
Sint Maarten (Dutch part),SXM,"Lower secondary completion rate, total (% of relevant age group)",SE.SEC.CMPT.LO.ZS,,,,,,,,,,,,,,,41.56522,,,,,
Seychelles,SYC,"Lower secondary completion rate, total (% of relevant age group)",SE.SEC.CMPT.LO.ZS,99.44581,94.53861,95.18304,100.19659,,111.68919,,108.44415,109.10931,105.12465,108.742,109.0641,,106.0816,109.1331,110.5058,110.8934,107.243,108.4475,
Syrian Arab Republic,SYR,"Lower secondary completion rate, total (% of relevant age group)",SE.SEC.CMPT.LO.ZS,47.23163,48.09197,49.41149,52.79194,57.29271,61.10751,60.86312,62.55895,66.75095,66.16628,66.9319,67.27814,70.5264,53.81093,,,,,,
Turks and Caicos Islands,TCA,"Lower secondary completion rate, total (% of relevant age group)",SE.SEC.CMPT.LO.ZS,,,,,,,,,,,,,,,,,,,,
Chad,TCD,"Lower secondary completion rate, total (% of relevant age group)",SE.SEC.CMPT.LO.ZS,8.80741,,9.88058,10.10329,10.71909,,11.74439,,,17.07935,16.07918,16.46969,15.68552,17.44694,,14.79715,14.99641,,,
East Asia & Pacific (IDA & IBRD countries),TEA,"Lower secondary completion rate, total (% of relevant age group)",SE.SEC.CMPT.LO.ZS,75.8766098,78.00125122,80.70365906,83.50163269,85.9553833,86.77610779,87.85466766,89.41487885,91.30153656,91.80001831,90.78978,91.54668,88.41298,85.94603,83.0968,85.62996,87.13924,85.86179,85.09263,
Europe & Central Asia (IDA & IBRD countries),TEC,"Lower secondary completion rate, total (% of relevant age group)",SE.SEC.CMPT.LO.ZS,86.61165619,88.11193848,90.18865967,90.69484711,89.13659668,89.10704041,87.94107056,88.42558289,88.02606201,84.65943146,93.38088,93.86683,92.40464,93.1177,94.75925,94.51152,94.22053,92.9288,93.52871,
Togo,TGO,"Lower secondary completion rate, total (% of relevant age group)",SE.SEC.CMPT.LO.ZS,22.44658,26.3626,29.77924,32.24181,35.17519,39.71363,40.21473,34.26727,36.26159,,36.20581,40.04079,,39.22958,37.8433,40.81356,42.5236,46.57758,47.92052,
Thailand,THA,"Lower secondary completion rate, total (% of relevant age group)",SE.SEC.CMPT.LO.ZS,,,,,,,,82.91639,,,,,,,,78.70332,79.82861,78.35138,,
Tajikistan,TJK,"Lower secondary completion rate, total (% of relevant age group)",SE.SEC.CMPT.LO.ZS,84.17576,69.37481,65.03183,86.4236,84.82226,85.53682,89.9482,89.36747,87.52071,84.73632,93.6211,96.83234,86.42792,,93.20217,97.74346,99.63324,96.18163,,
Turkmenistan,TKM,"Lower secondary completion rate, total (% of relevant age group)",SE.SEC.CMPT.LO.ZS,,,,,,,,,,,,,,,,,,,,
Latin America & the Caribbean (IDA & IBRD countries),TLA,"Lower secondary completion rate, total (% of relevant age group)",SE.SEC.CMPT.LO.ZS,69.10664368,69.92256927,71.50930786,72.39483643,73.47367859,74.66577148,74.82128906,75.05413818,75.75827026,76.69789124,77.68257,77.68564,77.43463,77.24522,77.75548,79.30183,80.06856,80.04502,80.47153,
Timor-Leste,TLS,"Lower secondary completion rate, total (% of relevant age group)",SE.SEC.CMPT.LO.ZS,,,,,,,,,49.93752,67.11799,69.45854,73.05914,70.44956,67.25148,,,79.39183,84.62701,90.8612,
Middle East & North Africa (IDA & IBRD countries),TMN,"Lower secondary completion rate, total (% of relevant age group)",SE.SEC.CMPT.LO.ZS,61.8758316,62.85797119,64.69017792,66.76815033,67.0863266,67.85655975,66.39781952,66.12458038,66.00343323,67.68652344,66.68378,68.90863,74.45114,70.4843,69.97407,70.59588,71.36071,71.10343,72.09648,
Tonga,TON,"Lower secondary completion rate, total (% of relevant age group)",SE.SEC.CMPT.LO.ZS,,98.79182,,104.92891,78.74485,,,,,,,,,,,,,,,
South Asia (IDA & IBRD),TSA,"Lower secondary completion rate, total (% of relevant age group)",SE.SEC.CMPT.LO.ZS,49.62268066,50.61008835,51.23870087,53.56351089,54.6171608,55.93331146,57.7210083,60.09934998,62.50489044,64.76412201,66.67804,69.10195,71.62163,74.13082,78.23189,78.6759,79.54534,79.16563,79.79062,
Sub-Saharan Africa (IDA & IBRD countries),TSS,"Lower secondary completion rate, total (% of relevant age group)",SE.SEC.CMPT.LO.ZS,27.26877975,28.54927063,30.92939949,31.56538963,32.22595978,33.32067108,34.60847855,36.03052139,37.93009949,39.0637207,40.23226,40.94132,41.53807,42.04491,42.69613,43.31496,43.44526,43.91087,44.1098,
Trinidad and Tobago,TTO,"Lower secondary completion rate, total (% of relevant age group)",SE.SEC.CMPT.LO.ZS,,74.27129,,91.18801,82.5321,76.03502,,89.63497,90.18456,94.14828,80.93737,,,,,,,,,
Tunisia,TUN,"Lower secondary completion rate, total (% of relevant age group)",SE.SEC.CMPT.LO.ZS,,,,,70.65601,69.37921,67.34421,,71.81724,80.52268,73.99821,,,70.03428,71.93107,70.77582,,73.3321,77.38397,
Turkey,TUR,"Lower secondary completion rate, total (% of relevant age group)",SE.SEC.CMPT.LO.ZS,,,,,87.02439,91.4695,90.47634,92.96333,96.58487,93.27038,101.8682,96.11075,95.32123,94.67233,96.86766,94.90616,,87.50612,,
Tuvalu,TUV,"Lower secondary completion rate, total (% of relevant age group)",SE.SEC.CMPT.LO.ZS,,,,,,,,,,,,,,,96.33028,,61.06195,,,
Tanzania,TZA,"Lower secondary completion rate, total (% of relevant age group)",SE.SEC.CMPT.LO.ZS,,,6.42399,7.20194,7.52394,9.13944,,,14.23197,21.22432,,,40.44018,36.2233,,,30.80284,,29.56954,
Uganda,UGA,"Lower secondary completion rate, total (% of relevant age group)",SE.SEC.CMPT.LO.ZS,14.92185,15.37731,18.35819,19.14424,18.95763,,20.77218,22.5799,23.94282,25.42012,27.99541,27.10889,25.75736,29.68144,30.05451,,28.86174,26.42558,,
Ukraine,UKR,"Lower secondary completion rate, total (% of relevant age group)",SE.SEC.CMPT.LO.ZS,97.8732,101.61419,102.59299,105.08236,102.4153,103.46219,99.7262,98.88373,101.82141,62.30351,116.3674,104.3105,100.311,97.94137,94.37717,,,,,
Upper middle income,UMC,"Lower secondary completion rate, total (% of relevant age group)",SE.SEC.CMPT.LO.ZS,77.95559692,79.92211914,82.3259201,84.14711761,85.42247009,86.84536743,87.44864655,88.22886658,89.48937988,89.59838104,89.22968,89.79467,88.65138,86.45837,83.02965,84.27786,85.17436,84.75183,84.32414,
Uruguay,URY,"Lower secondary completion rate, total (% of relevant age group)",SE.SEC.CMPT.LO.ZS,,69.79532,73.17375,74.2734,72.68472,70.45679,68.18763,65.79113,69.61828,73.06482,74.28864,,,,,,,,,
United States,USA,"Lower secondary completion rate, total (% of relevant age group)",SE.SEC.CMPT.LO.ZS,,,,,,,,,,,,,,,,,,104.8523,,
Uzbekistan,UZB,"Lower secondary completion rate, total (% of relevant age group)",SE.SEC.CMPT.LO.ZS,,96.20829,101.32255,98.8893,94.27059,92.95408,97.61788,98.77373,92.86458,91.56307,94.00834,95.81278,94.24008,92.71539,90.86062,89.58236,90.83382,91.27142,95.90342,
St. Vincent and the Grenadines,VCT,"Lower secondary completion rate, total (% of relevant age group)",SE.SEC.CMPT.LO.ZS,,,,58.82353,72.60771,74.53218,,,111.33924,,113.8338,,93.04348,91.35375,91.61585,99.26969,103.8462,100.6963,92.0436,
"Venezuela, RB",VEN,"Lower secondary completion rate, total (% of relevant age group)",SE.SEC.CMPT.LO.ZS,51.15855,54.40822,57.74389,59.64963,63.97945,67.38187,69.30486,74.18487,78.93372,78.88118,77.08965,77.45841,79.33124,80.00233,77.41789,76.9495,76.018,75.23426,,
British Virgin Islands,VGB,"Lower secondary completion rate, total (% of relevant age group)",SE.SEC.CMPT.LO.ZS,,91.90031,,,,,,,,,86.66667,86.26943,87.90123,70.2381,76.04651,91.30435,98.19005,80.84633,,
Virgin Islands (U.S.),VIR,"Lower secondary completion rate, total (% of relevant age group)",SE.SEC.CMPT.LO.ZS,,,,,,,,,,,,,,,,,,,,
Vietnam,VNM,"Lower secondary completion rate, total (% of relevant age group)",SE.SEC.CMPT.LO.ZS,68.87141,67.47553,72.75754,,,87.24596,,,,,,78.30978,78.82952,77.85547,94.33925,100.3055,,,97.66271,
Vanuatu,VUT,"Lower secondary completion rate, total (% of relevant age group)",SE.SEC.CMPT.LO.ZS,,33.69938,,,40.31277,,28.55343,,,,53.80605,,,53.26107,,,,,,
World,WLD,"Lower secondary completion rate, total (% of relevant age group)",SE.SEC.CMPT.LO.ZS,63.44205856,64.78668976,66.60624695,68.39730835,69.33293915,69.83474731,70.30639648,71.12397003,72.13935852,72.79876709,73.55142,74.46189,74.48197,74.2905,74.84375,75.7592,76.19845,75.57657,75.62763,
Samoa,WSM,"Lower secondary completion rate, total (% of relevant age group)",SE.SEC.CMPT.LO.ZS,96.74017,99.4302,94.90535,92.69469,95.03482,97.43929,96.3515,102.21019,,108.04441,108.5973,106.1309,105.9429,,110.1322,113.8256,108.9731,109.6363,105.4677,
Kosovo,XKX,"Lower secondary completion rate, total (% of relevant age group)",SE.SEC.CMPT.LO.ZS,,,,,,,,,,,,,,,,,,,,
"Yemen, Rep.",YEM,"Lower secondary completion rate, total (% of relevant age group)",SE.SEC.CMPT.LO.ZS,,47.07544,,,,45.8434,,,,,45.92752,,48.88045,49.12023,,,53.10474,,,
South Africa,ZAF,"Lower secondary completion rate, total (% of relevant age group)",SE.SEC.CMPT.LO.ZS,71.71394,,89.02274,76.62613,74.07794,,,,,,,,,,,,80.76885,,,
Zambia,ZMB,"Lower secondary completion rate, total (% of relevant age group)",SE.SEC.CMPT.LO.ZS,24.02537,26.52638,37.24365,,36.85987,41.24898,,50.45329,65.57,63.86486,59.82199,57.44394,55.33307,54.76887,,,,,,
Zimbabwe,ZWE,"Lower secondary completion rate, total (% of relevant age group)",SE.SEC.CMPT.LO.ZS,,,,,,,,,,,,,69.9453,71.12759,,,,,,