"Data Source","World Development Indicators",

"Last Updated Date","2019-10-28",

"Country Name","Country Code","Indicator Name","Indicator Code","1960","1961","1962","1963","1964","1965","1966","1967","1968","1969","1970","1971","1972","1973","1974","1975","1976","1977","1978","1979","1980","1981","1982","1983","1984","1985","1986","1987","1988","1989","1990","1991","1992","1993","1994","1995","1996","1997","1998","1999","2000","2001","2002","2003","2004","2005","2006","2007","2008","2009","2010","2011","2012","2013","2014","2015","2016","2017","2018","2019",
"Aruba","ABW","Time required to start a business (days)","IC.REG.DURS","","","","","","","","","","","","","","","","","","","","","","","","","","","","","","","","","","","","","","","","","","","","","","","","","","","","","","","","","","","","",
"Afghanistan","AFG","Time required to start a business (days)","IC.REG.DURS","","","","","","","","","","","","","","","","","","","","","","","","","","","","","","","","","","","","","","","","","","","","","9.5","9.5","9.5","10.5","10.5","9.5","9.5","9.5","9.5","6.5","8.5","8.5","8.5","8.5","8.5","8.5",
"Angola","AGO","Time required to start a business (days)","IC.REG.DURS","","","","","","","","","","","","","","","","","","","","","","","","","","","","","","","","","","","","","","","","","","","","83","83","83","83","83","68","68","66","66","66","66","66","36","36","36","36","36",
"Albania","ALB","Time required to start a business (days)","IC.REG.DURS","","","","","","","","","","","","","","","","","","","","","","","","","","","","","","","","","","","","","","","","","","","","41","40","41","39","37","10","6","6","6","5","5","5","5","5","5","4.5","4.5",
"Andorra","AND","Time required to start a business (days)","IC.REG.DURS","","","","","","","","","","","","","","","","","","","","","","","","","","","","","","","","","","","","","","","","","","","","","","","","","","","","","","","","","","","","",
"Arab World","ARB","Time required to start a business (days)","IC.REG.DURS","","","","","","","","","","","","","","","","","","","","","","","","","","","","","","","","","","","","","","","","","","","","47.5615384615385","42.2375","39.7166666666667","38.4888888888889","32.17","22.27","21.615","21.64","21.085","21.8428571428571","20.6047619047619","19.6095238095238","22.2","23.3090909090909","21.5590909090909","20.6727272727273","19.6545454545455",
"United Arab Emirates","ARE","Time required to start a business (days)","IC.REG.DURS","","","","","","","","","","","","","","","","","","","","","","","","","","","","","","","","","","","","","","","","","","","","19.2","19.2","19.3","19.2","18.2","18.2","15.2","15.2","13.2","8.2","8.2","8.3","8.3","8.3","8.3","3.8","3.8",
"Argentina","ARG","Time required to start a business (days)","IC.REG.DURS","","","","","","","","","","","","","","","","","","","","","","","","","","","","","","","","","","","","","","","","","","","","65.5","29.5","29.5","29.5","29.5","30","25","24.5","24.5","24.5","24.5","24.5","24.5","24.5","24.5","11","11.5",
"Armenia","ARM","Time required to start a business (days)","IC.REG.DURS","","","","","","","","","","","","","","","","","","","","","","","","","","","","","","","","","","","","","","","","","","","","18","18","18","17","17","17","14","14","8","8","5","5","5","5","5","4","4",
"American Samoa","ASM","Time required to start a business (days)","IC.REG.DURS","","","","","","","","","","","","","","","","","","","","","","","","","","","","","","","","","","","","","","","","","","","","","","","","","","","","","","","","","","","","",
"Antigua and Barbuda","ATG","Time required to start a business (days)","IC.REG.DURS","","","","","","","","","","","","","","","","","","","","","","","","","","","","","","","","","","","","","","","","","","","","","","26","22","22","22","22","22","22","22","22","22","22","22","22","22","19",
"Australia","AUS","Time required to start a business (days)","IC.REG.DURS","","","","","","","","","","","","","","","","","","","","","","","","","","","","","","","","","","","","","","","","","","","","3","3","3","3","3","2.5","2.5","2.5","2.5","2.5","2.5","2.5","2.5","2.5","2.5","2.5","2",
"Austria","AUT","Time required to start a business (days)","IC.REG.DURS","","","","","","","","","","","","","","","","","","","","","","","","","","","","","","","","","","","","","","","","","","","","25","25","25","25","25","25","25","25","25","25","25","22","22","21","21","21","21",
"Azerbaijan","AZE","Time required to start a business (days)","IC.REG.DURS","","","","","","","","","","","","","","","","","","","","","","","","","","","","","","","","","","","","","","","","","","","","105","121","113","51","36","10","10","8","8","8","7","5.5","3.5","3.5","3.5","3.5","3.5",
"Burundi","BDI","Time required to start a business (days)","IC.REG.DURS","","","","","","","","","","","","","","","","","","","","","","","","","","","","","","","","","","","","","","","","","","","","13","13","13","13","13","13","13","13","13","7","5","5","4","4","4","5","5",
"Belgium","BEL","Time required to start a business (days)","IC.REG.DURS","","","","","","","","","","","","","","","","","","","","","","","","","","","","","","","","","","","","","","","","","","","","56","34","34","27","4.5","4.5","4.5","4.5","4.5","4.5","4.5","4.5","4.5","4.5","4.5","4.5","5",
"Benin","BEN","Time required to start a business (days)","IC.REG.DURS","","","","","","","","","","","","","","","","","","","","","","","","","","","","","","","","","","","","","","","","","","","","35.5","34.5","34.5","34.5","34.5","34.5","34.5","34.5","32.5","29.5","18.5","12.5","12.5","8.5","8.5","8.5","8.5",
"Burkina Faso","BFA","Time required to start a business (days)","IC.REG.DURS","","","","","","","","","","","","","","","","","","","","","","","","","","","","","","","","","","","","","","","","","","","","40","40","40","34","18","16","14","14","13","13","13","13","13","13","13","13","13",
"Bangladesh","BGD","Time required to start a business (days)","IC.REG.DURS","","","","","","","","","","","","","","","","","","","","","","","","","","","","","","","","","","","","","","","","","","","","","","","","","","","","","","21.8","19.5","19.5","19.5","19.5","19.5","19.5",
"Bulgaria","BGR","Time required to start a business (days)","IC.REG.DURS","","","","","","","","","","","","","","","","","","","","","","","","","","","","","","","","","","","","","","","","","","","","39","39","39","39","39","56","25","25","25","25","25","25","25","23","23","23","23",
"Bahrain","BHR","Time required to start a business (days)","IC.REG.DURS","","","","","","","","","","","","","","","","","","","","","","","","","","","","","","","","","","","","","","","","","","","","","","","","9.4","9.4","9.3","9.3","9.3","9.3","9.3","9.3","9.4","8.3","8.3","8.3","8.3",
"Bahamas, The","BHS","Time required to start a business (days)","IC.REG.DURS","","","","","","","","","","","","","","","","","","","","","","","","","","","","","","","","","","","","","","","","","","","","","","","","30.5","30.5","30.5","23.5","23.5","23.5","23.5","23.5","28.5","21.5","21.5","21.5","11.5",
"Bosnia and Herzegovina","BIH","Time required to start a business (days)","IC.REG.DURS","","","","","","","","","","","","","","","","","","","","","","","","","","","","","","","","","","","","","","","","","","","","68","63","93","93","93","99","99","109","85","82","82","82","82","80","80","80","80",
"Belarus","BLR","Time required to start a business (days)","IC.REG.DURS","","","","","","","","","","","","","","","","","","","","","","","","","","","","","","","","","","","","","","","","","","","","80","80","80","70","49","32","13","13","13","13","12","12","9","9","9","9","8.5",
"Belize","BLZ","Time required to start a business (days)","IC.REG.DURS","","","","","","","","","","","","","","","","","","","","","","","","","","","","","","","","","","","","","","","","","","","","","","57","44","43","43","43","43","43","43","43","43","43","43","48","48","48.2",
"Bermuda","BMU","Time required to start a business (days)","IC.REG.DURS","","","","","","","","","","","","","","","","","","","","","","","","","","","","","","","","","","","","","","","","","","","","","","","","","","","","","","","","","","","","",
"Bolivia","BOL","Time required to start a business (days)","IC.REG.DURS","","","","","","","","","","","","","","","","","","","","","","","","","","","","","","","","","","","","","","","","","","","","59","59","49","49","49","49","49","49","49","49","49","49","49","45","41","39.5","39.5",
"Brazil","BRA","Time required to start a business (days)","IC.REG.DURS","","","","","","","","","","","","","","","","","","","","","","","","","","","","","","","","","","","","","","","","","","","","","","","","","","","","","","86.6","83.6","86","82.5","82.5","20.1","16.6",
"Barbados","BRB","Time required to start a business (days)","IC.REG.DURS","","","","","","","","","","","","","","","","","","","","","","","","","","","","","","","","","","","","","","","","","","","","","","","","","","","","18","18","18","19","19","16","16","16","16",
"Brunei Darussalam","BRN","Time required to start a business (days)","IC.REG.DURS","","","","","","","","","","","","","","","","","","","","","","","","","","","","","","","","","","","","","","","","","","","","","","","121.5","121.5","121.5","121.5","108.5","104.5","104.5","104.5","104.5","14.5","14.5","12.5","5.5","5.5",
"Bhutan","BTN","Time required to start a business (days)","IC.REG.DURS","","","","","","","","","","","","","","","","","","","","","","","","","","","","","","","","","","","","","","","","","","","","62","62","62","62","48","46","46","46","35","35","30","15","15","15","12","12","12",
"Botswana","BWA","Time required to start a business (days)","IC.REG.DURS","","","","","","","","","","","","","","","","","","","","","","","","","","","","","","","","","","","","","","","","","","","","125","125","125","105","105","74","59","59","40","40","41","48","48","48","48","48","48",
"Central African Republic","CAF","Time required to start a business (days)","IC.REG.DURS","","","","","","","","","","","","","","","","","","","","","","","","","","","","","","","","","","","","","","","","","","","","22","22","22","22","22","23","24","24","22","22","22","22","22","22","22","22","22",
"Canada","CAN","Time required to start a business (days)","IC.REG.DURS","","","","","","","","","","","","","","","","","","","","","","","","","","","","","","","","","","","","","","","","","","","","3.5","3.5","3.5","3.5","3.5","5.5","5.5","5.5","5.5","5.5","5.5","5.5","1.5","1.5","1.5","1.5","1.5",
"Central Europe and the Baltics","CEB","Time required to start a business (days)","IC.REG.DURS","","","","","","","","","","","","","","","","","","","","","","","","","","","","","","","","","","","","","","","","","","","","50.8636363636364","46.1363636363636","36.5909090909091","33.9545454545455","28.2272727272727","24.5","19.4545454545455","18.9090909090909","19.0909090909091","18.9090909090909","17.9090909090909","16.8181818181818","16.0909090909091","15.7272727272727","15.7272727272727","18","15.9090909090909",
"Switzerland","CHE","Time required to start a business (days)","IC.REG.DURS","","","","","","","","","","","","","","","","","","","","","","","","","","","","","","","","","","","","","","","","","","","","20","18","18","18","18","18","18","18","18","18","18","10","10","10","10","10","10",
"Channel Islands","CHI","Time required to start a business (days)","IC.REG.DURS","","","","","","","","","","","","","","","","","","","","","","","","","","","","","","","","","","","","","","","","","","","","","","","","","","","","","","","","","","","","",
"Chile","CHL","Time required to start a business (days)","IC.REG.DURS","","","","","","","","","","","","","","","","","","","","","","","","","","","","","","","","","","","","","","","","","","","","42","42","42","40","40","40","40","36.5","9.5","7.5","7.5","7.5","7.5","7.5","7.5","6","4",
"China","CHN","Time required to start a business (days)","IC.REG.DURS","","","","","","","","","","","","","","","","","","","","","","","","","","","","","","","","","","","","","","","","","","","","","","","","","","","","","","32.3","29.3","29.3","26.9","22.9","8.5","8.6",
"Cote d'Ivoire","CIV","Time required to start a business (days)","IC.REG.DURS","","","","","","","","","","","","","","","","","","","","","","","","","","","","","","","","","","","","","","","","","","","","62","58","45","45","42","40","40","40","32","32","8","7","7","7","8","6","6",
"Cameroon","CMR","Time required to start a business (days)","IC.REG.DURS","","","","","","","","","","","","","","","","","","","","","","","","","","","","","","","","","","","","","","","","","","","","45","45","45","45","38","38.5","35.5","20.5","16.5","16.5","16.5","16.5","16.5","16.5","16.5","13.5","13.5",
"Congo, Dem. Rep.","COD","Time required to start a business (days)","IC.REG.DURS","","","","","","","","","","","","","","","","","","","","","","","","","","","","","","","","","","","","","","","","","","","","166.5","133.5","133.5","133.5","132.5","132.5","126.5","84.5","65.5","58.5","31.5","16.5","11.5","11.5","7","7","7",
"Congo, Rep.","COG","Time required to start a business (days)","IC.REG.DURS","","","","","","","","","","","","","","","","","","","","","","","","","","","","","","","","","","","","","","","","","","","","37.5","37.5","37.5","38.5","38.5","158.5","158.5","158.5","158.5","158.5","98.5","50.5","50.5","50.5","49.5","49.5","49.5",
"Colombia","COL","Time required to start a business (days)","IC.REG.DURS","","","","","","","","","","","","","","","","","","","","","","","","","","","","","","","","","","","","","","","","","","","","44","41","41","42","41","35","19","11","11","12","12","12","12","11","11","11","10",
"Comoros","COM","Time required to start a business (days)","IC.REG.DURS","","","","","","","","","","","","","","","","","","","","","","","","","","","","","","","","","","","","","","","","","","","","","","30","30","30","22","22","22","22","20","16","16","16","16","16","16","16",
"Cabo Verde","CPV","Time required to start a business (days)","IC.REG.DURS","","","","","","","","","","","","","","","","","","","","","","","","","","","","","","","","","","","","","","","","","","","","","","60","52","52","52","24","18","18","18","18","18","18","18","18","18","9",
"Costa Rica","CRI","Time required to start a business (days)","IC.REG.DURS","","","","","","","","","","","","","","","","","","","","","","","","","","","","","","","","","","","","","","","","","","","","90","90","90","87","90","74","73.5","73.5","73.5","57.5","23","23","23","22.5","22.5","23","23",
"Caribbean small states","CSS","Time required to start a business (days)","IC.REG.DURS","","","","","","","","","","","","","","","","","","","","","","","","","","","","","","","","","","","","","","","","","","","","31","36.5","90.0909090909091","84.6363636363636","79.5416666666667","79.625","78.125","76.625","71.4230769230769","71.3461538461538","33.5769230769231","23.2692307692308","22.7307692307692","21.0384615384615","20.8846153846154","20.8846153846154","19.6692307692308",
"Cuba","CUB","Time required to start a business (days)","IC.REG.DURS","","","","","","","","","","","","","","","","","","","","","","","","","","","","","","","","","","","","","","","","","","","","","","","","","","","","","","","","","","","","",
"Curacao","CUW","Time required to start a business (days)","IC.REG.DURS","","","","","","","","","","","","","","","","","","","","","","","","","","","","","","","","","","","","","","","","","","","","","","","","","","","","","","","","","","","","",
"Cayman Islands","CYM","Time required to start a business (days)","IC.REG.DURS","","","","","","","","","","","","","","","","","","","","","","","","","","","","","","","","","","","","","","","","","","","","","","","","","","","","","","","","","","","","",
"Cyprus","CYP","Time required to start a business (days)","IC.REG.DURS","","","","","","","","","","","","","","","","","","","","","","","","","","","","","","","","","","","","","","","","","","","","","","","","","8","8","8","8","8","8","8","8","6","6","6","6",
"Czech Republic","CZE","Time required to start a business (days)","IC.REG.DURS","","","","","","","","","","","","","","","","","","","","","","","","","","","","","","","","","","","","","","","","","","","","57","57","57","39","32","35","32","32","30.5","30.5","30.5","30.5","30.5","24.5","24.5","24.5","24.5",
"Germany","DEU","Time required to start a business (days)","IC.REG.DURS","","","","","","","","","","","","","","","","","","","","","","","","","","","","","","","","","","","","","","","","","","","","45","45","22","22","18","17.5","17.5","14.5","14.5","14.5","14.5","14.5","10.5","8","8","8","8",
"Djibouti","DJI","Time required to start a business (days)","IC.REG.DURS","","","","","","","","","","","","","","","","","","","","","","","","","","","","","","","","","","","","","","","","","","","","","","44","44","44","37","37","37","37","37","17","14","14","14","14","14","14",
"Dominica","DMA","Time required to start a business (days)","IC.REG.DURS","","","","","","","","","","","","","","","","","","","","","","","","","","","","","","","","","","","","","","","","","","","","","","14","14","14","13","13","13","12","12","12","12","12","12","12","12","12",
"Denmark","DNK","Time required to start a business (days)","IC.REG.DURS","","","","","","","","","","","","","","","","","","","","","","","","","","","","","","","","","","","","","","","","","","","","7.5","7.5","6.5","6.5","6.5","6.5","6.5","6","6","6","6","6","3.5","3.5","3.5","3.5","3.5",
"Dominican Republic","DOM","Time required to start a business (days)","IC.REG.DURS","","","","","","","","","","","","","","","","","","","","","","","","","","","","","","","","","","","","","","","","","","","","79","79","76","76","25","15","16","15","14.5","14.5","14.5","14.5","14.5","18.5","16.5","16.5","16.5",
"Algeria","DZA","Time required to start a business (days)","IC.REG.DURS","","","","","","","","","","","","","","","","","","","","","","","","","","","","","","","","","","","","","","","","","","","","25","24","22","22","22","22","22","22","22","22","22","20","18","18","18","18","18",
"East Asia & Pacific (excluding high income)","EAP","Time required to start a business (days)","IC.REG.DURS","","","","","","","","","","","","","","","","","","","","","","","","","","","","","","","","","","","","","","","","","","","","47.65625","52.5588235294118","51.9705882352941","51.0882352941176","47.9117647058824","47.6764705882353","45.9705882352941","42.7941176470588","38.5","39.8055555555556","41.59","36.135","36.105","33.235","32.345","30.45","29.7",
"Early-demographic dividend","EAR","Time required to start a business (days)","IC.REG.DURS","","","","","","","","","","","","","","","","","","","","","","","","","","","","","","","","","","","","","","","","","","","","66.8590909090909","61.3733333333333","68.8452830188679","65.0905660377359","59.4203703703704","55.6055555555556","52.7518518518519","50.437037037037","49.2148148148148","49.2607142857143","38.1803278688525","35.1213114754098","35.5311475409836","35.0377049180328","34.0459016393443","32.1885245901639","30.8229508196721",
"East Asia & Pacific","EAS","Time required to start a business (days)","IC.REG.DURS","","","","","","","","","","","","","","","","","","","","","","","","","","","","","","","","","","","","","","","","","","","","38.8913043478261","42.3541666666667","42.5625","45.28","42.36","41.42","39.14","36.18","32.56","33.6538461538462","34.548275862069","30.7689655172414","27.6137931034483","25.6310344827586","24.948275862069","23.3655172413793","22.8344827586207",
"Europe & Central Asia (excluding high income)","ECA","Time required to start a business (days)","IC.REG.DURS","","","","","","","","","","","","","","","","","","","","","","","","","","","","","","","","","","","","","","","","","","","","45.3125","43.03125","43.1470588235294","35.9166666666667","30.9166666666667","26.8611111111111","22.0789473684211","21.1842105263158","19.3421052631579","18.2368421052632","16.21","15.3","13.065","12.855","12.155","12.73","11.78",
"Europe & Central Asia","ECS","Time required to start a business (days)","IC.REG.DURS","","","","","","","","","","","","","","","","","","","","","","","","","","","","","","","","","","","","","","","","","","","","43.8536585365854","38.9166666666667","33.953488372093","29.0888888888889","25.0777777777778","21.3152173913043","18.9468085106383","18.0744680851064","16.6170212765957","16.625","15.5040816326531","14.2040816326531","12.2612244897959","11.8795918367347","11.5938775510204","12.552","11.762",
"Ecuador","ECU","Time required to start a business (days)","IC.REG.DURS","","","","","","","","","","","","","","","","","","","","","","","","","","","","","","","","","","","","","","","","","","","","92","92","69","65","65","65","64","56","55.5","55.5","55.5","55.5","50.5","48.5","48.5","48.5","48.5",
"Egypt, Arab Rep.","EGY","Time required to start a business (days)","IC.REG.DURS","","","","","","","","","","","","","","","","","","","","","","","","","","","","","","","","","","","","","","","","","","","","42.5","42.5","26.5","23.5","17.5","12.5","12.5","12.5","12.5","12.5","12.5","12.5","16.5","16.5","16.5","11.5","12.5",
"Euro area","EMU","Time required to start a business (days)","IC.REG.DURS","","","","","","","","","","","","","","","","","","","","","","","","","","","","","","","","","","","","","","","","","","","","49.78125","41.65625","30.28125","26.5","22.9705882352941","18.0833333333333","17.1944444444444","16","15.5526315789474","15.1578947368421","14.4210526315789","12.3947368421053","11.4210526315789","10.8947368421053","10.3684210526316","10.4473684210526","9.81578947368421",
"Eritrea","ERI","Time required to start a business (days)","IC.REG.DURS","","","","","","","","","","","","","","","","","","","","","","","","","","","","","","","","","","","","","","","","","","","","","76","76","76","83","84","84","84","84","84","84","84","84","84","84","84","84",
"Spain","ESP","Time required to start a business (days)","IC.REG.DURS","","","","","","","","","","","","","","","","","","","","","","","","","","","","","","","","","","","","","","","","","","","","138","137","70","60","60","61","61","52","29","30","24","14","14","13","13","12.5","12.5",
"Estonia","EST","Time required to start a business (days)","IC.REG.DURS","","","","","","","","","","","","","","","","","","","","","","","","","","","","","","","","","","","","","","","","","","","","72","72","35","35","6.5","6.5","6.5","6.5","6.5","6.5","6.5","4.5","3.5","3.5","3.5","3.5","3.5",
"Ethiopia","ETH","Time required to start a business (days)","IC.REG.DURS","","","","","","","","","","","","","","","","","","","","","","","","","","","","","","","","","","","","","","","","","","","","47","35","35","19","19","19","20","20","40","40","39","39","35","35","33","32","32",
"European Union","EUU","Time required to start a business (days)","IC.REG.DURS","","","","","","","","","","","","","","","","","","","","","","","","","","","","","","","","","","","","","","","","","","","","44.12","38.88","29.82","26.25","22.6153846153846","19.7037037037037","17.5925925925926","16.7037037037037","16.4464285714286","16.1964285714286","15.625","14.0535714285714","12.9285714285714","12.4285714285714","12.0714285714286","12.9642857142857","11.8928571428571",
"Fragile and conflict affected situations","FCS","Time required to start a business (days)","IC.REG.DURS","","","","","","","","","","","","","","","","","","","","","","","","","","","","","","","","","","","","","","","","","","","","73.3684210526316","64.96","67.8103448275862","66.25","62.75","61.5833333333333","59.3064516129032","53.0161290322581","43.6290322580645","41.0441176470588","34.8382352941176","29.6323529411765","28.9428571428571","28.3714285714286","27.0428571428571","26.4","25.4457142857143",
"Finland","FIN","Time required to start a business (days)","IC.REG.DURS","","","","","","","","","","","","","","","","","","","","","","","","","","","","","","","","","","","","","","","","","","","","31","17","17","17","17","17","17","17","17","17","17","17","17","17","17","17","13",
"Fiji","FJI","Time required to start a business (days)","IC.REG.DURS","","","","","","","","","","","","","","","","","","","","","","","","","","","","","","","","","","","","","","","","","","","","31","31","44","44","44","44","44","44","44","58","58","58","58","40","40","40","40",
"France","FRA","Time required to start a business (days)","IC.REG.DURS","","","","","","","","","","","","","","","","","","","","","","","","","","","","","","","","","","","","","","","","","","","","41","7","7","7","7","6.5","6.5","6.5","6.5","6.5","6.5","4.5","4","3.5","3.5","3.5","4",
"Faroe Islands","FRO","Time required to start a business (days)","IC.REG.DURS","","","","","","","","","","","","","","","","","","","","","","","","","","","","","","","","","","","","","","","","","","","","","","","","","","","","","","","","","","","","",
"Micronesia, Fed. Sts.","FSM","Time required to start a business (days)","IC.REG.DURS","","","","","","","","","","","","","","","","","","","","","","","","","","","","","","","","","","","","","","","","","","","","36","16","16","16","16","16","16","16","16","16","16","16","16","16","16","16","16",
"Gabon","GAB","Time required to start a business (days)","IC.REG.DURS","","","","","","","","","","","","","","","","","","","","","","","","","","","","","","","","","","","","","","","","","","","","","","54","54","54","54","54","54","54","54","47","47","47","47","33","31","10",
"United Kingdom","GBR","Time required to start a business (days)","IC.REG.DURS","","","","","","","","","","","","","","","","","","","","","","","","","","","","","","","","","","","","","","","","","","","","12","12","11.5","11.5","11.5","11.5","11.5","11.5","11.5","11.5","11.5","6","4.5","4.5","4.5","4.5","4.5",
"Georgia","GEO","Time required to start a business (days)","IC.REG.DURS","","","","","","","","","","","","","","","","","","","","","","","","","","","","","","","","","","","","","","","","","","","","25","25","21","16","11","3","3","3","2","2","2","2","2","2","2","2","1",
"Ghana","GHA","Time required to start a business (days)","IC.REG.DURS","","","","","","","","","","","","","","","","","","","","","","","","","","","","","","","","","","","","","","","","","","","","21","21","17","17","13","11","11","11","11","11","14","14","14","14","14","14","13",
"Gibraltar","GIB","Time required to start a business (days)","IC.REG.DURS","","","","","","","","","","","","","","","","","","","","","","","","","","","","","","","","","","","","","","","","","","","","","","","","","","","","","","","","","","","","",
"Guinea","GIN","Time required to start a business (days)","IC.REG.DURS","","","","","","","","","","","","","","","","","","","","","","","","","","","","","","","","","","","","","","","","","","","","48","40","40","40","40","40","40","40","40","43","23","15","15","15","15","15","15",
"Gambia, The","GMB","Time required to start a business (days)","IC.REG.DURS","","","","","","","","","","","","","","","","","","","","","","","","","","","","","","","","","","","","","","","","","","","","","","28","27","32","27","27","27","27","27","27","26","25","25","25","25","8",
"Guinea-Bissau","GNB","Time required to start a business (days)","IC.REG.DURS","","","","","","","","","","","","","","","","","","","","","","","","","","","","","","","","","","","","","","","","","","","","","","259.5","260.5","259.5","259.5","216.5","216.5","8.5","8.5","8.5","8.5","8.5","8.5","8.5","8.5","8.5",
"Equatorial Guinea","GNQ","Time required to start a business (days)","IC.REG.DURS","","","","","","","","","","","","","","","","","","","","","","","","","","","","","","","","","","","","","","","","","","","","","","155","155","155","155","155","155","150","150","150","150","150","149","33","33","33",
"Greece","GRC","Time required to start a business (days)","IC.REG.DURS","","","","","","","","","","","","","","","","","","","","","","","","","","","","","","","","","","","","","","","","","","","","38","38","38","38","38","19","19","19","11","11","14","13","13","13","12.5","12.5","4",
"Grenada","GRD","Time required to start a business (days)","IC.REG.DURS","","","","","","","","","","","","","","","","","","","","","","","","","","","","","","","","","","","","","","","","","","","","","","20","20","19","19","19","14","14","14","15","15","15","15","15","15","12",
"Greenland","GRL","Time required to start a business (days)","IC.REG.DURS","","","","","","","","","","","","","","","","","","","","","","","","","","","","","","","","","","","","","","","","","","","","","","","","","","","","","","","","","","","","",
"Guatemala","GTM","Time required to start a business (days)","IC.REG.DURS","","","","","","","","","","","","","","","","","","","","","","","","","","","","","","","","","","","","","","","","","","","","41","41","41","37","36","36","36","36","36","36","26.5","26.5","26.5","26.5","26.5","15","15",
"Guam","GUM","Time required to start a business (days)","IC.REG.DURS","","","","","","","","","","","","","","","","","","","","","","","","","","","","","","","","","","","","","","","","","","","","","","","","","","","","","","","","","","","","",
"Guyana","GUY","Time required to start a business (days)","IC.REG.DURS","","","","","","","","","","","","","","","","","","","","","","","","","","","","","","","","","","","","","","","","","","","","","42","42","42","37","38","27","23","19","18","18","18","18","18","18","18","18",
"High income","HIC","Time required to start a business (days)","IC.REG.DURS","","","","","","","","","","","","","","","","","","","","","","","","","","","","","","","","","","","","","","","","","","","","35.9714285714286","31.9720930232558","27.9872340425532","26.8938775510204","23.6615384615385","20.8849056603774","20.1660377358491","19.1094339622641","16.7581818181818","16.9410714285714","16.1551724137931","14.8534482758621","12.3137931034483","12.2068965517241","11.5258620689655","11.8389830508475","10.8864406779661",
"Hong Kong SAR, China","HKG","Time required to start a business (days)","IC.REG.DURS","","","","","","","","","","","","","","","","","","","","","","","","","","","","","","","","","","","","","","","","","","","","11","11","11","11","11","11","6","6","2.5","2.5","2.5","2.5","1.5","1.5","1.5","1.5","1.5",
"Honduras","HND","Time required to start a business (days)","IC.REG.DURS","","","","","","","","","","","","","","","","","","","","","","","","","","","","","","","","","","","","","","","","","","","","61","61","69","57","20","20","14","43","43","43","43","43","41","42","42","42","42",
"Heavily indebted poor countries (HIPC)","HPC","Time required to start a business (days)","IC.REG.DURS","","","","","","","","","","","","","","","","","","","","","","","","","","","","","","","","","","","","","","","","","","","","60.2586206896552","55.8970588235294","59.1351351351351","56.2894736842105","50.6052631578947","50.0394736842105","47.6184210526316","44.0921052631579","33.8289473684211","32.3684210526316","26.7368421052632","23.4473684210526","24.1666666666667","23.5769230769231","22.9871794871795","23.025641025641","22.5384615384615",
"Croatia","HRV","Time required to start a business (days)","IC.REG.DURS","","","","","","","","","","","","","","","","","","","","","","","","","","","","","","","","","","","","","","","","","","","","29","29","29","25","22.5","22.5","22.5","20.5","20","22.5","22.5","22.5","22.5","22.5","22.5","22.5","19.5",
"Haiti","HTI","Time required to start a business (days)","IC.REG.DURS","","","","","","","","","","","","","","","","","","","","","","","","","","","","","","","","","","","","","","","","","","","","260","202","202","202","202","224","224","134","134","134","97","97","97","97","97","97","97",
"Hungary","HUN","Time required to start a business (days)","IC.REG.DURS","","","","","","","","","","","","","","","","","","","","","","","","","","","","","","","","","","","","","","","","","","","","54","54","39","39","17","6","5","5","5","7","7","7","7","7","7","7","7",
"IBRD only","IBD","Time required to start a business (days)","IC.REG.DURS","","","","","","","","","","","","","","","","","","","","","","","","","","","","","","","","","","","","","","","","","","","","57.4893617021277","53.1122448979592","61.6293103448276","56.8559322033898","53.0254237288136","48.8050847457627","46.1864406779661","45.5338983050847","42.8559322033898","41.95","33.2075757575758","30.5712121212121","29.8909090909091","29.919696969697","27.2454545454545","24.85","23.9090909090909",
"IDA & IBRD total","IBT","Time required to start a business (days)","IC.REG.DURS","","","","","","","","","","","","","","","","","","","","","","","","","","","","","","","","","","","","","","","","","","","","57.3622448979592","54.2452830188679","57.916","54.4212598425197","50.1614173228346","46.9763779527559","44.35546875","42.3125","37.3984375","36.7022900763359","30.645","27.6928571428571","27.5078014184397","27.0078014184397","25.2524822695035","23.8475177304965","22.9645390070922",
"IDA total","IDA","Time required to start a business (days)","IC.REG.DURS","","","","","","","","","","","","","","","","","","","","","","","","","","","","","","","","","","","","","","","","","","","","57.2450980392157","55.219298245614","54.7014925373134","52.3088235294118","47.6764705882353","45.3897058823529","42.7898550724638","39.5579710144928","32.731884057971","32.2676056338028","28.3594594594595","25.1256756756757","25.4106666666667","24.4453333333333","23.4986666666667","22.9653333333333","22.1333333333333",
"IDA blend","IDB","Time required to start a business (days)","IC.REG.DURS","","","","","","","","","","","","","","","","","","","","","","","","","","","","","","","","","","","","","","","","","","","","50.1666666666667","55.05","46.5","45.9666666666667","42.7","49.3333333333333","46.4","41","39.4","40.0666666666667","34.8117647058824","27.2235294117647","26.5176470588235","24.0823529411765","21.7882352941176","19.0823529411765","17.8647058823529",
"Indonesia","IDN","Time required to start a business (days)","IC.REG.DURS","","","","","","","","","","","","","","","","","","","","","","","","","","","","","","","","","","","","","","","","","","","","","","","","","","","","","","77","53.9","49.3","26.3","24.5","21","12.6",
"IDA only","IDX","Time required to start a business (days)","IC.REG.DURS","","","","","","","","","","","","","","","","","","","","","","","","","","","","","","","","","","","","","","","","","","","","58.7619047619048","55.2553191489362","57.0673076923077","54.1037735849057","49.0849056603774","44.2735849056604","41.787037037037","39.1574074074074","30.8796296296296","30.1785714285714","26.4350877192982","24.5","25.0862068965517","24.551724137931","24","24.1034482758621","23.3844827586207",
"Isle of Man","IMN","Time required to start a business (days)","IC.REG.DURS","","","","","","","","","","","","","","","","","","","","","","","","","","","","","","","","","","","","","","","","","","","","","","","","","","","","","","","","","","","","",
"India","IND","Time required to start a business (days)","IC.REG.DURS","","","","","","","","","","","","","","","","","","","","","","","","","","","","","","","","","","","","","","","","","","","","","","","","","","","","","","32.7","35","30","28.5","29.8","16.5","17.5",
"Not classified","INX","Time required to start a business (days)","IC.REG.DURS","","","","","","","","","","","","","","","","","","","","","","","","","","","","","","","","","","","","","","","","","","","","","","","","","","","","","","","","","","","","",
"Ireland","IRL","Time required to start a business (days)","IC.REG.DURS","","","","","","","","","","","","","","","","","","","","","","","","","","","","","","","","","","","","","","","","","","","","24","24","24","19","19","19","19","19","19","16","16","12","12","11","11","11","11",
"Iran, Islamic Rep.","IRN","Time required to start a business (days)","IC.REG.DURS","","","","","","","","","","","","","","","","","","","","","","","","","","","","","","","","","","","","","","","","","","","","81.5","81.5","80.5","80.5","80.5","80.5","62.5","64.5","64.5","73.5","73.5","72.5","72.5","72.5","72.5","72.5","72.5",
"Iraq","IRQ","Time required to start a business (days)","IC.REG.DURS","","","","","","","","","","","","","","","","","","","","","","","","","","","","","","","","","","","","","","","","","","","","","30.5","30.5","29.5","30.5","30.5","30.5","30.5","30.5","27.5","27.5","27.5","34.5","34.5","26.5","26.5","26.5",
"Iceland","ISL","Time required to start a business (days)","IC.REG.DURS","","","","","","","","","","","","","","","","","","","","","","","","","","","","","","","","","","","","","","","","","","","","","5","5","5","5","5","5","5","4.5","4.5","4.5","12","12","11.5","11.5","11.5","11.5",
"Israel","ISR","Time required to start a business (days)","IC.REG.DURS","","","","","","","","","","","","","","","","","","","","","","","","","","","","","","","","","","","","","","","","","","","","18","18","18","18","18","18","18","18","18","19","12","12","12","11","11","11","11",
"Italy","ITA","Time required to start a business (days)","IC.REG.DURS","","","","","","","","","","","","","","","","","","","","","","","","","","","","","","","","","","","","","","","","","","","","23","15","15","15","15","12","12.5","12.5","12.5","12.5","12.5","11.5","11","11","11","11","11",
"Jamaica","JAM","Time required to start a business (days)","IC.REG.DURS","","","","","","","","","","","","","","","","","","","","","","","","","","","","","","","","","","","","","","","","","","","","31","31","8","8","8","8","8","8","7","7","6","15","3","10","3","3","3",
"Jordan","JOR","Time required to start a business (days)","IC.REG.DURS","","","","","","","","","","","","","","","","","","","","","","","","","","","","","","","","","","","","","","","","","","","","79.5","26.5","16.5","16.5","13.5","13.5","12.5","12.5","12.5","12.5","12.5","12.5","12.5","12.5","12.5","12.5","12.5",
"Japan","JPN","Time required to start a business (days)","IC.REG.DURS","","","","","","","","","","","","","","","","","","","","","","","","","","","","","","","","","","","","","","","","","","","","","","","","","","","","","","11.6","11.1","11.2","11.1","11.1","11.1","11.2",
"Kazakhstan","KAZ","Time required to start a business (days)","IC.REG.DURS","","","","","","","","","","","","","","","","","","","","","","","","","","","","","","","","","","","","","","","","","","","","32","32","31","27","27","27","26","25","25","25","18","16","11","9","9","5","5",
"Kenya","KEN","Time required to start a business (days)","IC.REG.DURS","","","","","","","","","","","","","","","","","","","","","","","","","","","","","","","","","","","","","","","","","","","","60","47","55","55","45","33","33","33","35","34","34","32","28","22","23","23","23",
"Kyrgyz Republic","KGZ","Time required to start a business (days)","IC.REG.DURS","","","","","","","","","","","","","","","","","","","","","","","","","","","","","","","","","","","","","","","","","","","","21","21","21","21","21","19","15","14","14","14","10","10","10","10","10","10","10",
"Cambodia","KHM","Time required to start a business (days)","IC.REG.DURS","","","","","","","","","","","","","","","","","","","","","","","","","","","","","","","","","","","","","","","","","","","","95","95","87","86","86","102","102","102","102","102","101","101","87","99","99","99","99",
"Kiribati","KIR","Time required to start a business (days)","IC.REG.DURS","","","","","","","","","","","","","","","","","","","","","","","","","","","","","","","","","","","","","","","","","","","","21","31","31","31","31","31","31","31","31","31","31","31","31","31","31","31","30.6",
"St. Kitts and Nevis","KNA","Time required to start a business (days)","IC.REG.DURS","","","","","","","","","","","","","","","","","","","","","","","","","","","","","","","","","","","","","","","","","","","","","","19","19","19","19","19","19","19","19","18.5","18.5","18.5","18.5","18.5","18.5","18.5",
"Korea, Rep.","KOR","Time required to start a business (days)","IC.REG.DURS","","","","","","","","","","","","","","","","","","","","","","","","","","","","","","","","","","","","","","","","","","","","17","17","17","17","17","17","14","14","9","8","8","8","8","8","8","8","8",
"Kuwait","KWT","Time required to start a business (days)","IC.REG.DURS","","","","","","","","","","","","","","","","","","","","","","","","","","","","","","","","","","","","","","","","","","","","35.4","35.4","35.4","35.4","35.4","35.4","35.4","35.4","32.4","32.4","32.4","31.4","31.4","61.4","38.4","35.4","19.4",
"Latin America & Caribbean (excluding high income)","LAC","Time required to start a business (days)","IC.REG.DURS","","","","","","","","","","","","","","","","","","","","","","","","","","","","","","","","","","","","","","","","","","","","86.6666666666667","77.375","88.0909090909091","84.5","77.6590909090909","76.7954545454545","73.5454545454545","69.5909090909091","69.0909090909091","68.5","43.0416666666667","37.3333333333333","38.3916666666667","39.4958333333333","39.1625","34.8541666666667","34.5708333333333",
"Lao PDR","LAO","Time required to start a business (days)","IC.REG.DURS","","","","","","","","","","","","","","","","","","","","","","","","","","","","","","","","","","","","","","","","","","","","135","135","135","116","86","86","86","86","78","88","88","88","187","174","174","174","173",
"Lebanon","LBN","Time required to start a business (days)","IC.REG.DURS","","","","","","","","","","","","","","","","","","","","","","","","","","","","","","","","","","","","","","","","","","","","53","53","53","53","53","18","15","15","15","15","15","15","15","15","15","15","15",
"Liberia","LBR","Time required to start a business (days)","IC.REG.DURS","","","","","","","","","","","","","","","","","","","","","","","","","","","","","","","","","","","","","","","","","","","","","","","69","69","33","21","21","7","7","6","6","6","6","6","18","18",
"Libya","LBY","Time required to start a business (days)","IC.REG.DURS","","","","","","","","","","","","","","","","","","","","","","","","","","","","","","","","","","","","","","","","","","","","","","","","","","","","","35","35","35","35","35","35","35","35",
"St. Lucia","LCA","Time required to start a business (days)","IC.REG.DURS","","","","","","","","","","","","","","","","","","","","","","","","","","","","","","","","","","","","","","","","","","","","","","22","20","20","20","14","14","11","11","11","11","11","11","11","11","11",
"Latin America & Caribbean","LCN","Time required to start a business (days)","IC.REG.DURS","","","","","","","","","","","","","","","","","","","","","","","","","","","","","","","","","","","","","","","","","","","","74.3157894736842","67.5","74.7931034482759","70.6551724137931","64.3","63.4666666666667","61.7833333333333","58.4","53.9516129032258","53.4354838709677","35.6515151515151","30.8030303030303","31.7242424242424","32.1787878787879","31.9363636363636","28.7575757575758","28.0969696969697",
"Least developed countries: UN classification","LDC","Time required to start a business (days)","IC.REG.DURS","","","","","","","","","","","","","","","","","","","","","","","","","","","","","","","","","","","","","","","","","","","","67.328125","66.0675675675676","67.1219512195122","63.4285714285714","58.3809523809524","52.8571428571429","51.1190476190476","46.5238095238095","36.0714285714286","35.125","31.1622222222222","27.7777777777778","28.1847826086957","27.3152173913043","26.8260869565217","27","26.2086956521739",
"Low income","LIC","Time required to start a business (days)","IC.REG.DURS","","","","","","","","","","","","","","","","","","","","","","","","","","","","","","","","","","","","","","","","","","","","63.0454545454545","54.8541666666667","61.9259259259259","58.3571428571429","53.3928571428571","49.3571428571429","45.9285714285714","39.7142857142857","31.1428571428571","29.8275862068966","25.6896551724138","24.4827586206897","24.8833333333333","24.6166666666667","23.7","24.0333333333333","23.4666666666667",
"Liechtenstein","LIE","Time required to start a business (days)","IC.REG.DURS","","","","","","","","","","","","","","","","","","","","","","","","","","","","","","","","","","","","","","","","","","","","","","","","","","","","","","","","","","","46","46",
"Sri Lanka","LKA","Time required to start a business (days)","IC.REG.DURS","","","","","","","","","","","","","","","","","","","","","","","","","","","","","","","","","","","","","","","","","","","","56","46","46","46","42","44","44","38","35","11","11","11","10","9","9","9","8",
"Lower middle income","LMC","Time required to start a business (days)","IC.REG.DURS","","","","","","","","","","","","","","","","","","","","","","","","","","","","","","","","","","","","","","","","","","","","57.0606060606061","58.8108108108108","54.0243902439024","52.2926829268293","47.2073170731707","45.5121951219512","44.3170731707317","42.9268292682927","37.5853658536585","37.0357142857143","33.9212765957447","29.2382978723404","28.0553191489362","26.5893617021277","25.8127659574468","23.9553191489362","22.7212765957447",
"Low & middle income","LMY","Time required to start a business (days)","IC.REG.DURS","","","","","","","","","","","","","","","","","","","","","","","","","","","","","","","","","","","","","","","","","","","","58.6032608695652","55.480198019802","59.9310344827586","56.5423728813559","51.9703389830508","48.5084745762712","45.5504201680672","43.4327731092437","38.8613445378151","37.9754098360656","31.4679389312977","28.4656488549618","28.2621212121212","27.7356060606061","25.8606060606061","24.3712121212121","23.4886363636364",
"Lesotho","LSO","Time required to start a business (days)","IC.REG.DURS","","","","","","","","","","","","","","","","","","","","","","","","","","","","","","","","","","","","","","","","","","","","138","138","103","73","73","39","39","39","39","29","29","29","29","29","29","29","15",
"Late-demographic dividend","LTE","Time required to start a business (days)","IC.REG.DURS","","","","","","","","","","","","","","","","","","","","","","","","","","","","","","","","","","","","","","","","","","","","42.8030303030303","38.9444444444444","34.7525","33.2023809523809","29.6295454545455","25.1711111111111","23.56","22.4488888888889","19.6466666666667","18.58","18.99375","18.2625","15.5270833333333","15.74375","14.3270833333333","12.3208333333333","11.2708333333333",
"Lithuania","LTU","Time required to start a business (days)","IC.REG.DURS","","","","","","","","","","","","","","","","","","","","","","","","","","","","","","","","","","","","","","","","","","","","26","26","26","26","26","26","26","22","22","19.5","8.5","5.5","5.5","5.5","5.5","5.5","5.5",
"Luxembourg","LUX","Time required to start a business (days)","IC.REG.DURS","","","","","","","","","","","","","","","","","","","","","","","","","","","","","","","","","","","","","","","","","","","","","","","28","24","24","22","16.5","16.5","16.5","16.5","16.5","16.5","16.5","16.5","16.5","16.5",
"Latvia","LVA","Time required to start a business (days)","IC.REG.DURS","","","","","","","","","","","","","","","","","","","","","","","","","","","","","","","","","","","","","","","","","","","","16","16","16","16","16","15.5","15.5","15.5","15.5","15.5","12.5","12.5","5.5","5.5","5.5","5.5","5.5",
"Macao SAR, China","MAC","Time required to start a business (days)","IC.REG.DURS","","","","","","","","","","","","","","","","","","","","","","","","","","","","","","","","","","","","","","","","","","","","","","","","","","","","","","","","","","","","",
"St. Martin (French part)","MAF","Time required to start a business (days)","IC.REG.DURS","","","","","","","","","","","","","","","","","","","","","","","","","","","","","","","","","","","","","","","","","","","","","","","","","","","","","","","","","","","","",
"Morocco","MAR","Time required to start a business (days)","IC.REG.DURS","","","","","","","","","","","","","","","","","","","","","","","","","","","","","","","","","","","","","","","","","","","","35","12","12","12","12","12","12","12","12","12","11.5","11.5","10.5","10","9","9","9",
"Monaco","MCO","Time required to start a business (days)","IC.REG.DURS","","","","","","","","","","","","","","","","","","","","","","","","","","","","","","","","","","","","","","","","","","","","","","","","","","","","","","","","","","","","",
"Moldova","MDA","Time required to start a business (days)","IC.REG.DURS","","","","","","","","","","","","","","","","","","","","","","","","","","","","","","","","","","","","","","","","","","","","42","32","30","31","23","16","10","10","9","9","7","7","6","6","5","4","4",
"Madagascar","MDG","Time required to start a business (days)","IC.REG.DURS","","","","","","","","","","","","","","","","","","","","","","","","","","","","","","","","","","","","","","","","","","","","67","47","42","20","12","12","12","12","12","12","12","12","13","12","8","8","8",
"Maldives","MDV","Time required to start a business (days)","IC.REG.DURS","","","","","","","","","","","","","","","","","","","","","","","","","","","","","","","","","","","","","","","","","","","","9","9","9","9","9","9","12","12","12","12","12","12","12","12","12","12","12",
"Middle East & North Africa","MEA","Time required to start a business (days)","IC.REG.DURS","","","","","","","","","","","","","","","","","","","","","","","","","","","","","","","","","","","","","","","","","","","","45.4142857142857","40.925","38.9941176470588","37.6941176470588","32.8105263157895","24.4421052631579","22.9105263157895","23.0421052631579","23.26","24.4857142857143","23.1047619047619","22.347619047619","22.4","23.4190476190476","21.2047619047619","20.3714285714286","19.5190476190476",
"Mexico","MEX","Time required to start a business (days)","IC.REG.DURS","","","","","","","","","","","","","","","","","","","","","","","","","","","","","","","","","","","","","","","","","","","","","","","","","","","","","","8.4","8.4","8.4","8.4","8.4","8.4","8.4",
"Marshall Islands","MHL","Time required to start a business (days)","IC.REG.DURS","","","","","","","","","","","","","","","","","","","","","","","","","","","","","","","","","","","","","","","","","","","","22","17","17","17","17","17","17","17","17","17","17","17","17","17","17","17","17",
"Middle income","MIC","Time required to start a business (days)","IC.REG.DURS","","","","","","","","","","","","","","","","","","","","","","","","","","","","","","","","","","","","","","","","","","","","57.2071428571429","55.6753246753247","59.3258426966292","55.9777777777778","51.5277777777778","48.2444444444444","45.4340659340659","44.5769230769231","41.2362637362637","40.5161290322581","33.1107843137255","29.5980392156863","29.2558823529412","28.6529411764706","26.4960784313726","24.4705882352941","23.4950980392157",
"North Macedonia","MKD","Time required to start a business (days)","IC.REG.DURS","","","","","","","","","","","","","","","","","","","","","","","","","","","","","","","","","","","","","","","","","","","","60","60","60","31","28","22","17","16","16","15","15","15","15","15","15","15","15",
"Mali","MLI","Time required to start a business (days)","IC.REG.DURS","","","","","","","","","","","","","","","","","","","","","","","","","","","","","","","","","","","","","","","","","","","","33","33","27","42","25","25","8","8","8","8","11","11","8.5","8.5","11","11","11",
"Malta","MLT","Time required to start a business (days)","IC.REG.DURS","","","","","","","","","","","","","","","","","","","","","","","","","","","","","","","","","","","","","","","","","","","","","","","","","","","","38.5","38.5","38.5","33.5","28","26","16","16","20.5",
"Myanmar","MMR","Time required to start a business (days)","IC.REG.DURS","","","","","","","","","","","","","","","","","","","","","","","","","","","","","","","","","","","","","","","","","","","","","","","","","","","","","77","77","77","16","14","14","14","7",
"Middle East & North Africa (excluding high income)","MNA","Time required to start a business (days)","IC.REG.DURS","","","","","","","","","","","","","","","","","","","","","","","","","","","","","","","","","","","","","","","","","","","","49.5","42.2272727272727","39.9583333333333","39.625","38.875","27.7083333333333","25.7083333333333","25.7083333333333","25.625","27.9615384615385","26.2307692307692","25.4615384615385","26.0769230769231","26.1923076923077","25.5","24.8076923076923","24.8846153846154",
"Montenegro","MNE","Time required to start a business (days)","IC.REG.DURS","","","","","","","","","","","","","","","","","","","","","","","","","","","","","","","","","","","","","","","","","","","","","","","26","26","23","14","12","12","12","12","12","12","12","12","12","12",
"Mongolia","MNG","Time required to start a business (days)","IC.REG.DURS","","","","","","","","","","","","","","","","","","","","","","","","","","","","","","","","","","","","","","","","","","","","24","17","17","17","17","17","17","17","17","16","16","16","12","12","12","12","12",
"Northern Mariana Islands","MNP","Time required to start a business (days)","IC.REG.DURS","","","","","","","","","","","","","","","","","","","","","","","","","","","","","","","","","","","","","","","","","","","","","","","","","","","","","","","","","","","","",
"Mozambique","MOZ","Time required to start a business (days)","IC.REG.DURS","","","","","","","","","","","","","","","","","","","","","","","","","","","","","","","","","","","","","","","","","","","","177","179","179","117","32","34","34","21","21","21","21","21","21","21","17","17","17",
"Mauritania","MRT","Time required to start a business (days)","IC.REG.DURS","","","","","","","","","","","","","","","","","","","","","","","","","","","","","","","","","","","","","","","","","","","","82","82","82","82","50","19","19","19","19","19","19","8","8","8","6","6","6",
"Mauritius","MUS","Time required to start a business (days)","IC.REG.DURS","","","","","","","","","","","","","","","","","","","","","","","","","","","","","","","","","","","","","","","","","","","","","46.5","46.5","46.5","7.5","6.5","6.5","6.5","6.5","6.5","6.5","6.5","6.5","6.5","5.5","5","4.5",
"Malawi","MWI","Time required to start a business (days)","IC.REG.DURS","","","","","","","","","","","","","","","","","","","","","","","","","","","","","","","","","","","","","","","","","","","","43","37","37","37","37","37","36","36","36","37","40","38","38","37","37","37","37",
"Malaysia","MYS","Time required to start a business (days)","IC.REG.DURS","","","","","","","","","","","","","","","","","","","","","","","","","","","","","","","","","","","","","","","","","","","","37.5","37.5","37.5","37.5","31.5","20.5","18.5","17.5","8.5","9.5","9.5","7.5","7.5","23.5","23.5","13.5","17.5",
"North America","NAC","Time required to start a business (days)","IC.REG.DURS","","","","","","","","","","","","","","","","","","","","","","","","","","","","","","","","","","","","","","","","","","","","3.5","3.5","3.5","3.5","3.5","5.5","5.5","5.5","5.5","5.5","5.85","5.55","3.55","3.55","3.55","3.55","2.85",
"Namibia","NAM","Time required to start a business (days)","IC.REG.DURS","","","","","","","","","","","","","","","","","","","","","","","","","","","","","","","","","","","","","","","","","","","","86","85","95","95","99","66","66","66","66","66","66","66","66","66","54","54","54",
"New Caledonia","NCL","Time required to start a business (days)","IC.REG.DURS","","","","","","","","","","","","","","","","","","","","","","","","","","","","","","","","","","","","","","","","","","","","","","","","","","","","","","","","","","","","",
"Niger","NER","Time required to start a business (days)","IC.REG.DURS","","","","","","","","","","","","","","","","","","","","","","","","","","","","","","","","","","","","","","","","","","","","36","36","36","32","24","20","18","18","18","18","18","16","16","11","8","10","10",
"Nigeria","NGA","Time required to start a business (days)","IC.REG.DURS","","","","","","","","","","","","","","","","","","","","","","","","","","","","","","","","","","","","","","","","","","","","","","","","","","","","","","30.3","30.3","30.3","24.9","18.9","10.9","7.2",
"Nicaragua","NIC","Time required to start a business (days)","IC.REG.DURS","","","","","","","","","","","","","","","","","","","","","","","","","","","","","","","","","","","","","","","","","","","","47","40","40","40","39","39","39","39","39","39","37","14","14","14","14","14","14",
"Netherlands","NLD","Time required to start a business (days)","IC.REG.DURS","","","","","","","","","","","","","","","","","","","","","","","","","","","","","","","","","","","","","","","","","","","","9","9","9","8","8","8","8","8","8","5","4","3.5","3.5","3.5","3.5","3.5","3.5",
"Norway","NOR","Time required to start a business (days)","IC.REG.DURS","","","","","","","","","","","","","","","","","","","","","","","","","","","","","","","","","","","","","","","","","","","","18","18","8","7","8","6","6","6","6","6","6","5","4","4","4","4","4",
"Nepal","NPL","Time required to start a business (days)","IC.REG.DURS","","","","","","","","","","","","","","","","","","","","","","","","","","","","","","","","","","","","","","","","","","","","31","31","31","31","31","31","31","31","29","29","17","17","17","17","18.5","18.5","22.5",
"Nauru","NRU","Time required to start a business (days)","IC.REG.DURS","","","","","","","","","","","","","","","","","","","","","","","","","","","","","","","","","","","","","","","","","","","","","","","","","","","","","","","","","","","","",
"New Zealand","NZL","Time required to start a business (days)","IC.REG.DURS","","","","","","","","","","","","","","","","","","","","","","","","","","","","","","","","","","","","","","","","","","","","12","12","12","12","12","0.5","0.5","0.5","0.5","0.5","0.5","0.5","0.5","0.5","0.5","0.5","0.5",
"OECD members","OED","Time required to start a business (days)","IC.REG.DURS","","","","","","","","","","","","","","","","","","","","","","","","","","","","","","","","","","","","","","","","","","","","38.0483870967742","31.96875","25.109375","22.469696969697","19.8030303030303","16.9848484848485","16.1060606060606","15.3333333333333","13.3636363636364","13.1363636363636","12.1305555555556","10.9888888888889","10.1305555555556","9.725","9.725","9.65555555555556","9.09166666666667",
"Oman","OMN","Time required to start a business (days)","IC.REG.DURS","","","","","","","","","","","","","","","","","","","","","","","","","","","","","","","","","","","","","","","","","","","","36.4","36.4","36.4","43.4","40.4","15.4","13.4","13.4","9.3","9.3","9.3","9.3","9.3","7.3","4.3","4.3","4.3",
"Other small states","OSS","Time required to start a business (days)","IC.REG.DURS","","","","","","","","","","","","","","","","","","","","","","","","","","","","","","","","","","","","","","","","","","","","82","85.45","79.7894736842105","76.4523809523809","66.9826086956522","59.3166666666667","55.4791666666667","52.6666666666667","36.08","35.6923076923077","33.6153846153846","29.5961538461538","24.9076923076923","24.6538461538462","18.5384615384615","18.1346153846154","15.5769230769231",
"Pakistan","PAK","Time required to start a business (days)","IC.REG.DURS","","","","","","","","","","","","","","","","","","","","","","","","","","","","","","","","","","","","","","","","","","","","","","","","","","","","","","20","20","20","20","19.5","16.5","16.5",
"Panama","PAN","Time required to start a business (days)","IC.REG.DURS","","","","","","","","","","","","","","","","","","","","","","","","","","","","","","","","","","","","","","","","","","","","18","18","18","18","18","12","12","9","8","7","6","6","6","6","6","6","6",
"Peru","PER","Time required to start a business (days)","IC.REG.DURS","","","","","","","","","","","","","","","","","","","","","","","","","","","","","","","","","","","","","","","","","","","","100.5","100.5","104.5","74.5","74.5","67","41","42.5","41.5","41.5","41.5","41.5","41.5","41","41","26","26",
"Philippines","PHL","Time required to start a business (days)","IC.REG.DURS","","","","","","","","","","","","","","","","","","","","","","","","","","","","","","","","","","","","","","","","","","","","37","37","35","35","35","34","34","29","28","28","28","26","25","25","39","34","33",
"Palau","PLW","Time required to start a business (days)","IC.REG.DURS","","","","","","","","","","","","","","","","","","","","","","","","","","","","","","","","","","","","","","","","","","","","33","24","24","28","28","28","28","28","28","28","28","28","28","28","28","28","28",
"Papua New Guinea","PNG","Time required to start a business (days)","IC.REG.DURS","","","","","","","","","","","","","","","","","","","","","","","","","","","","","","","","","","","","","","","","","","","","52","52","52","52","52","52","52","52","52","52","53","53","53","41","41","41","41",
"Poland","POL","Time required to start a business (days)","IC.REG.DURS","","","","","","","","","","","","","","","","","","","","","","","","","","","","","","","","","","","","","","","","","","","","63","63","52","45","45","45","39","39","39","39","37","37","37","37","37","37","37",
"Pre-demographic dividend","PRE","Time required to start a business (days)","IC.REG.DURS","","","","","","","","","","","","","","","","","","","","","","","","","","","","","","","","","","","","","","","","","","","","57.3958333333333","55.3448275862069","62.469696969697","60.0441176470588","54.5441176470588","52.5294117647059","50.5","46.9705882352941","38.4705882352941","36.1571428571429","31.1055555555556","26.05","26.1702702702703","25.3486486486486","21.3486486486486","21.2405405405405","20.6540540540541",
"Puerto Rico","PRI","Time required to start a business (days)","IC.REG.DURS","","","","","","","","","","","","","","","","","","","","","","","","","","","","","","","","","","","","","","","","","","","","7","7","7","7","7","7","7","7","6","6","6","6","6","5.5","5.5","5.5","5.5",
"Korea, Dem. People’s Rep.","PRK","Time required to start a business (days)","IC.REG.DURS","","","","","","","","","","","","","","","","","","","","","","","","","","","","","","","","","","","","","","","","","","","","","","","","","","","","","","","","","","","","",
"Portugal","PRT","Time required to start a business (days)","IC.REG.DURS","","","","","","","","","","","","","","","","","","","","","","","","","","","","","","","","","","","","","","","","","","","","78","78","48","9","8","7","7","7","7","7","6","6","6","6","6.5","6.5","6.5",
"Paraguay","PRY","Time required to start a business (days)","IC.REG.DURS","","","","","","","","","","","","","","","","","","","","","","","","","","","","","","","","","","","","","","","","","","","","72","72","72","72","34","35","35","35","35","35","35","35","35","35","35","35","35",
"West Bank and Gaza","PSE","Time required to start a business (days)","IC.REG.DURS","","","","","","","","","","","","","","","","","","","","","","","","","","","","","","","","","","","","","","","","","","","","","74.5","74.5","74.5","73.5","63.5","63.5","63.5","62.5","49.5","47.5","43.5","43.5","43.5","43.5","43.5","43.5",
"Pacific island small states","PSS","Time required to start a business (days)","IC.REG.DURS","","","","","","","","","","","","","","","","","","","","","","","","","","","","","","","","","","","","","","","","","","","","35.4444444444444","32.7777777777778","33.4444444444444","33.8888888888889","33.8888888888889","33.1111111111111","30.2222222222222","30.2222222222222","26.1111111111111","23.8888888888889","24.3333333333333","24.3333333333333","24.3333333333333","20.4444444444444","20.4444444444444","20.4444444444444","20.3666666666667",
"Post-demographic dividend","PST","Time required to start a business (days)","IC.REG.DURS","","","","","","","","","","","","","","","","","","","","","","","","","","","","","","","","","","","","","","","","","","","","35.5833333333333","32.5166666666667","28.4838709677419","25.5","22.6875","20.203125","17.734375","17.296875","15.9264705882353","15.75","14.8694444444444","13.7555555555556","12.4666666666667","11.8666666666667","11.5888888888889","11.6166666666667","11.1916666666667",
"French Polynesia","PYF","Time required to start a business (days)","IC.REG.DURS","","","","","","","","","","","","","","","","","","","","","","","","","","","","","","","","","","","","","","","","","","","","","","","","","","","","","","","","","","","","",
"Qatar","QAT","Time required to start a business (days)","IC.REG.DURS","","","","","","","","","","","","","","","","","","","","","","","","","","","","","","","","","","","","","","","","","","","","","","","","8.2","8.2","8.2","10.7","9.7","9.7","9.7","9.7","9.7","9.7","9.7","8.7","8.7",
"Romania","ROU","Time required to start a business (days)","IC.REG.DURS","","","","","","","","","","","","","","","","","","","","","","","","","","","","","","","","","","","","","","","","","","","","29","28","11","11","8","8","8","8","12","8","8","8","8","12","12","35","20",
"Russian Federation","RUS","Time required to start a business (days)","IC.REG.DURS","","","","","","","","","","","","","","","","","","","","","","","","","","","","","","","","","","","","","","","","","","","","","","","","","","","","","","13.2","11.5","10.8","10.1","10.1","10.1","10.1",
"Rwanda","RWA","Time required to start a business (days)","IC.REG.DURS","","","","","","","","","","","","","","","","","","","","","","","","","","","","","","","","","","","","","","","","","","","","18","18","18","16","16","14","7","7","7","8","7","7","6","4","4","4","4",
"South Asia","SAS","Time required to start a business (days)","IC.REG.DURS","","","","","","","","","","","","","","","","","","","","","","","","","","","","","","","","","","","","","","","","","","","","39.5","31.5","31.5","31.5","28.1","28.1","28.5","27.3","24.1","19.3","18.875","17.25","16.5","16.1875","16.1","14.0625","14.5625",
"Saudi Arabia","SAU","Time required to start a business (days)","IC.REG.DURS","","","","","","","","","","","","","","","","","","","","","","","","","","","","","","","","","","","","","","","","","","","","81.3","81.3","74.3","49.3","27.3","27.3","27.3","27.3","27.3","24.3","24.8","24.8","23.3","19.3","17.8","17.8","10.4",
"Sudan","SDN","Time required to start a business (days)","IC.REG.DURS","","","","","","","","","","","","","","","","","","","","","","","","","","","","","","","","","","","","","","","","","","","","","38.5","38.5","38.5","38.5","38.5","36.5","36.5","36.5","36.5","36.5","36.5","36.5","36.5","36.5","34.5","34.5",
"Senegal","SEN","Time required to start a business (days)","IC.REG.DURS","","","","","","","","","","","","","","","","","","","","","","","","","","","","","","","","","","","","","","","","","","","","57","57","57","57","58","9","9","9","6","6","6","6","6","6","6","6","6",
"Singapore","SGP","Time required to start a business (days)","IC.REG.DURS","","","","","","","","","","","","","","","","","","","","","","","","","","","","","","","","","","","","","","","","","","","","8","8","6","6","5","3.5","2.5","2.5","2.5","2.5","2.5","2.5","2.5","2.5","2.5","1.5","1.5",
"Solomon Islands","SLB","Time required to start a business (days)","IC.REG.DURS","","","","","","","","","","","","","","","","","","","","","","","","","","","","","","","","","","","","","","","","","","","","55","55","55","55","55","55","55","55","41","7","9","9","9","9","9","9","9",
"Sierra Leone","SLE","Time required to start a business (days)","IC.REG.DURS","","","","","","","","","","","","","","","","","","","","","","","","","","","","","","","","","","","","","","","","","","","","26","26","26","26","26","17","12","12","12","12","12","12","10","8","8","8","8",
"El Salvador","SLV","Time required to start a business (days)","IC.REG.DURS","","","","","","","","","","","","","","","","","","","","","","","","","","","","","","","","","","","","","","","","","","","","115","115","40","36","19.5","16.5","16.5","16.5","16.5","16.5","16.5","16.5","16.5","16.5","16.5","16.5","16.5",
"San Marino","SMR","Time required to start a business (days)","IC.REG.DURS","","","","","","","","","","","","","","","","","","","","","","","","","","","","","","","","","","","","","","","","","","","","","","","","","","","","","41","41","36","12.5","12.5","12.5","12.5","11.5",
"Somalia","SOM","Time required to start a business (days)","IC.REG.DURS","","","","","","","","","","","","","","","","","","","","","","","","","","","","","","","","","","","","","","","","","","","","","","","","","","","","","","","","70","70","70","70","70",
"Serbia","SRB","Time required to start a business (days)","IC.REG.DURS","","","","","","","","","","","","","","","","","","","","","","","","","","","","","","","","","","","","","","","","","","","","56","56","23","23","23","23","13","13","13","12","12","11.5","11.5","6.5","5.5","5.5","7",
"Sub-Saharan Africa (excluding high income)","SSA","Time required to start a business (days)","IC.REG.DURS","","","","","","","","","","","","","","","","","","","","","","","","","","","","","","","","","","","","","","","","","","","","62.515625","60.0416666666667","64.1860465116279","60.5681818181818","55.5909090909091","51.5340909090909","48.875","46.875","37.6022727272727","35.6222222222222","31.3326086956522","29.0282608695652","28.8255319148936","28.1148936170213","23.9021276595745","23.0191489361702","21.3021276595745",
"South Sudan","SSD","Time required to start a business (days)","IC.REG.DURS","","","","","","","","","","","","","","","","","","","","","","","","","","","","","","","","","","","","","","","","","","","","","","","","","","","","","14","14","14","14","14","13","13","13",
"Sub-Saharan Africa","SSF","Time required to start a business (days)","IC.REG.DURS","","","","","","","","","","","","","","","","","","","","","","","","","","","","","","","","","","","","","","","","","","","","62.515625","60.0416666666667","63.4772727272727","59.9555555555556","55.0888888888889","51.1222222222222","48.5222222222222","46.5666666666667","37.5","35.5652173913044","31.3468085106383","29.0914893617021","28.8916666666667","28.1958333333333","24.0708333333333","23.20625","21.525",
"Small states","SST","Time required to start a business (days)","IC.REG.DURS","","","","","","","","","","","","","","","","","","","","","","","","","","","","","","","","","","","","","","","","","","","","52.625","58.2142857142857","72","69.3048780487805","63.6386363636364","59.4911111111111","56.4666666666667","54.5666666666667","43.9468085106383","43.1354166666667","31.8645833333333","26.8958333333333","24.2104166666667","22.8854166666667","19.53125","19.3125","17.5833333333333",
"Sao Tome and Principe","STP","Time required to start a business (days)","IC.REG.DURS","","","","","","","","","","","","","","","","","","","","","","","","","","","","","","","","","","","","","","","","","","","","","145","145","145","145","145","145","147","11","8","8","7","7","7","7","7","7",
"Suriname","SUR","Time required to start a business (days)","IC.REG.DURS","","","","","","","","","","","","","","","","","","","","","","","","","","","","","","","","","","","","","","","","","","","","","","697","689","689","690","690","690","690","690","204","84","84","66","66","66","66",
"Slovak Republic","SVK","Time required to start a business (days)","IC.REG.DURS","","","","","","","","","","","","","","","","","","","","","","","","","","","","","","","","","","","","","","","","","","","","113","62","37","37","37","28.5","28.5","28.5","28.5","28.5","33.5","26.5","26.5","26.5","26.5","26.5","21.5",
"Slovenia","SVN","Time required to start a business (days)","IC.REG.DURS","","","","","","","","","","","","","","","","","","","","","","","","","","","","","","","","","","","","","","","","","","","","61.5","61.5","61.5","61.5","61.5","20.5","6","6","6","6","6","6","6","6","6","8","8",
"Sweden","SWE","Time required to start a business (days)","IC.REG.DURS","","","","","","","","","","","","","","","","","","","","","","","","","","","","","","","","","","","","","","","","","","","","16","16","16","16","16","16","16","16","16","16","16","16","7","7","7","7.5","7.5",
"Eswatini","SWZ","Time required to start a business (days)","IC.REG.DURS","","","","","","","","","","","","","","","","","","","","","","","","","","","","","","","","","","","","","","","","","","","","","","60","60","60","60","60","56","56","56","38","30","30","30","30","30","21.5",
"Sint Maarten (Dutch part)","SXM","Time required to start a business (days)","IC.REG.DURS","","","","","","","","","","","","","","","","","","","","","","","","","","","","","","","","","","","","","","","","","","","","","","","","","","","","","","","","","","","","",
"Seychelles","SYC","Time required to start a business (days)","IC.REG.DURS","","","","","","","","","","","","","","","","","","","","","","","","","","","","","","","","","","","","","","","","","","","","","","33","33","33","33","33","33","33","33","32","32","32","32","32","32","32",
"Syrian Arab Republic","SYR","Time required to start a business (days)","IC.REG.DURS","","","","","","","","","","","","","","","","","","","","","","","","","","","","","","","","","","","","","","","","","","","","43.5","43.5","43.5","43.5","43.5","16.5","15.5","13.5","13.5","13.5","13.5","13.5","13.5","15.5","15.5","15.5","15.5",
"Turks and Caicos Islands","TCA","Time required to start a business (days)","IC.REG.DURS","","","","","","","","","","","","","","","","","","","","","","","","","","","","","","","","","","","","","","","","","","","","","","","","","","","","","","","","","","","","",
"Chad","TCD","Time required to start a business (days)","IC.REG.DURS","","","","","","","","","","","","","","","","","","","","","","","","","","","","","","","","","","","","","","","","","","","","62","62","62","62","62","62","62","62","53","60","60","60","60","60","60","58","58",
"East Asia & Pacific (IDA & IBRD countries)","TEA","Time required to start a business (days)","IC.REG.DURS","","","","","","","","","","","","","","","","","","","","","","","","","","","","","","","","","","","","","","","","","","","","46.7941176470588","50.9722222222222","50.4166666666667","49.8055555555556","46.8055555555556","46.5833333333333","44.9722222222222","41.9722222222222","37.9166666666667","39.1842105263158","40.9428571428571","35.747619047619","35.7190476190476","32.9857142857143","32.1380952380952","30.3333333333333","29.6190476190476",
"Europe & Central Asia (IDA & IBRD countries)","TEC","Time required to start a business (days)","IC.REG.DURS","","","","","","","","","","","","","","","","","","","","","","","","","","","","","","","","","","","","","","","","","","","","45.3888888888889","43.3611111111111","42.8684210526316","35.825","31.2","27.55","22.9047619047619","22","20.3095238095238","19.4285714285714","17.4409090909091","16.6136363636364","14.5818181818182","14.3909090909091","13.7545454545455","14.2772727272727","13.2772727272727",
"Togo","TGO","Time required to start a business (days)","IC.REG.DURS","","","","","","","","","","","","","","","","","","","","","","","","","","","","","","","","","","","","","","","","","","","","74","63","63","62","60","60","84","84","84","38","19","10","10","6","6","5.5","2.5",
"Thailand","THA","Time required to start a business (days)","IC.REG.DURS","","","","","","","","","","","","","","","","","","","","","","","","","","","","","","","","","","","","","","","","","","","","35","35","35","35","35","35","34","34","32","31","31","31","31","29","6","6","6",
"Tajikistan","TJK","Time required to start a business (days)","IC.REG.DURS","","","","","","","","","","","","","","","","","","","","","","","","","","","","","","","","","","","","","","","","","","","","","","79","79","66","66","42","16","13","13","22","28","11","21","10","10","7",
"Turkmenistan","TKM","Time required to start a business (days)","IC.REG.DURS","","","","","","","","","","","","","","","","","","","","","","","","","","","","","","","","","","","","","","","","","","","","","","","","","","","","","","","","","","","","",
"Latin America & the Caribbean (IDA & IBRD countries)","TLA","Time required to start a business (days)","IC.REG.DURS","","","","","","","","","","","","","","","","","","","","","","","","","","","","","","","","","","","","","","","","","","","","78.0555555555556","70.6842105263158","77.2142857142857","72.9285714285714","67.5535714285714","66.6607142857143","64.8571428571429","61.4821428571429","58.0357142857143","57.4642857142857","37.6333333333333","32.2666666666667","33.1133333333333","33.9633333333333","33.6966666666667","30.2","29.8066666666667",
"Timor-Leste","TLS","Time required to start a business (days)","IC.REG.DURS","","","","","","","","","","","","","","","","","","","","","","","","","","","","","","","","","","","","","","","","","","","","","167","167","167","158","157","157","110","94","94","94","15","14","14","13","13","13",
"Middle East & North Africa (IDA & IBRD countries)","TMN","Time required to start a business (days)","IC.REG.DURS","","","","","","","","","","","","","","","","","","","","","","","","","","","","","","","","","","","","","","","","","","","","49.5","39","36.8181818181818","36.4545454545455","35.7272727272727","24.4545454545455","22.2727272727273","22.2727272727273","22.2727272727273","26.1666666666667","24.4583333333333","23.9583333333333","24.625","24.75","24","23.25","23.3333333333333",
"Tonga","TON","Time required to start a business (days)","IC.REG.DURS","","","","","","","","","","","","","","","","","","","","","","","","","","","","","","","","","","","","","","","","","","","","32","32","32","32","32","25","25","25","16","16","16","16","16","16","16","16","15.7",
"South Asia (IDA & IBRD)","TSA","Time required to start a business (days)","IC.REG.DURS","","","","","","","","","","","","","","","","","","","","","","","","","","","","","","","","","","","","","","","","","","","","39.5","31.5","31.5","31.5","28.1","28.1","28.5","27.3","24.1","19.3","18.875","17.25","16.5","16.1875","16.1","14.0625","14.5625",
"Sub-Saharan Africa (IDA & IBRD countries)","TSS","Time required to start a business (days)","IC.REG.DURS","","","","","","","","","","","","","","","","","","","","","","","","","","","","","","","","","","","","","","","","","","","","62.515625","60.0416666666667","63.4772727272727","59.9555555555556","55.0888888888889","51.1222222222222","48.5222222222222","46.5666666666667","37.5","35.5652173913044","31.3468085106383","29.0914893617021","28.8916666666667","28.1958333333333","24.0708333333333","23.20625","21.525",
"Trinidad and Tobago","TTO","Time required to start a business (days)","IC.REG.DURS","","","","","","","","","","","","","","","","","","","","","","","","","","","","","","","","","","","","","","","","","","","","","","74","41","41","41","41","40","40","40","35.5","11.5","11.5","10.5","10.5","10.5","10.5",
"Tunisia","TUN","Time required to start a business (days)","IC.REG.DURS","","","","","","","","","","","","","","","","","","","","","","","","","","","","","","","","","","","","","","","","","","","","13","13","13","13","13","13","13","13","13","13","13","13","13","13","13","9","9",
"Turkey","TUR","Time required to start a business (days)","IC.REG.DURS","","","","","","","","","","","","","","","","","","","","","","","","","","","","","","","","","","","","","","","","","","","","40","10.5","10.5","10.5","10.5","10.5","10.5","10.5","10.5","10.5","10.5","11","11","10","10","7","7",
"Tuvalu","TUV","Time required to start a business (days)","IC.REG.DURS","","","","","","","","","","","","","","","","","","","","","","","","","","","","","","","","","","","","","","","","","","","","","","","","","","","","","","","","","","","","",
"Tanzania","TZA","Time required to start a business (days)","IC.REG.DURS","","","","","","","","","","","","","","","","","","","","","","","","","","","","","","","","","","","","","","","","","","","","36","36","36","33","32","31","31","31","31","29","29","29","29","29","29","27.5","29.5",
"Uganda","UGA","Time required to start a business (days)","IC.REG.DURS","","","","","","","","","","","","","","","","","","","","","","","","","","","","","","","","","","","","","","","","","","","","36","36","36","30","30","27","27","26","26","29","28","28","27","26","24","24","24",
"Ukraine","UKR","Time required to start a business (days)","IC.REG.DURS","","","","","","","","","","","","","","","","","","","","","","","","","","","","","","","","","","","","","","","","","","","","41","35","35","34","28","28","28","28","25","23","22","22","8","6.5","6.5","6.5","6.5",
"Upper middle income","UMC","Time required to start a business (days)","IC.REG.DURS","","","","","","","","","","","","","","","","","","","","","","","","","","","","","","","","","","","","","","","","","","","","57.3378378378378","52.775","63.8541666666667","59.0612244897959","55.1428571428571","50.530612244898","46.35","45.93","44.23","43.3823529411765","32.4181818181818","29.9054545454545","30.2818181818182","30.4163636363636","27.08","24.9109090909091","24.1563636363636",
"Uruguay","URY","Time required to start a business (days)","IC.REG.DURS","","","","","","","","","","","","","","","","","","","","","","","","","","","","","","","","","","","","","","","","","","","","45","45","45","43","43","43","64","64","6.5","6.5","6.5","6.5","6.5","6.5","6.5","6.5","6.5",
"United States","USA","Time required to start a business (days)","IC.REG.DURS","","","","","","","","","","","","","","","","","","","","","","","","","","","","","","","","","","","","","","","","","","","","","","","","","","","","","","6.2","5.6","5.6","5.6","5.6","5.6","4.2",
"Uzbekistan","UZB","Time required to start a business (days)","IC.REG.DURS","","","","","","","","","","","","","","","","","","","","","","","","","","","","","","","","","","","","","","","","","","","","28","28","28","28","14","14","14","14","13","11","7.5","7.5","5.5","5.5","5","3","3",
"St. Vincent and the Grenadines","VCT","Time required to start a business (days)","IC.REG.DURS","","","","","","","","","","","","","","","","","","","","","","","","","","","","","","","","","","","","","","","","","","","","","","12","12","12","12","11","10","10","10","10","10","10","10","10","10","10",
"Venezuela, RB","VEN","Time required to start a business (days)","IC.REG.DURS","","","","","","","","","","","","","","","","","","","","","","","","","","","","","","","","","","","","","","","","","","","","143","143","143","143","142","141","141","141","141","144","144","144","186","230","230","230","230",
"British Virgin Islands","VGB","Time required to start a business (days)","IC.REG.DURS","","","","","","","","","","","","","","","","","","","","","","","","","","","","","","","","","","","","","","","","","","","","","","","","","","","","","","","","","","","","",
"Virgin Islands (U.S.)","VIR","Time required to start a business (days)","IC.REG.DURS","","","","","","","","","","","","","","","","","","","","","","","","","","","","","","","","","","","","","","","","","","","","","","","","","","","","","","","","","","","","",
"Vietnam","VNM","Time required to start a business (days)","IC.REG.DURS","","","","","","","","","","","","","","","","","","","","","","","","","","","","","","","","","","","","","","","","","","","","61","47","41","46","37","37","37","36","36","32","34","34","20","24","22","17","16",
"Vanuatu","VUT","Time required to start a business (days)","IC.REG.DURS","","","","","","","","","","","","","","","","","","","","","","","","","","","","","","","","","","","","","","","","","","","","47","47","47","47","47","47","47","47","33","33","35","35","35","18","18","18","18",
"World","WLD","Time required to start a business (days)","IC.REG.DURS","","","","","","","","","","","","","","","","","","","","","","","","","","","","","","","","","","","","","","","","","","","","51.5097014925373","48.4604166666667","50.720245398773","47.8431137724551","43.3111764705882","39.946783625731","37.728488372093","35.9377906976744","31.8747126436782","31.3578651685393","26.7687830687831","24.2883597883598","23.3936842105263","22.9952631578947","21.4847368421053","20.5","19.5958115183246",
"Samoa","WSM","Time required to start a business (days)","IC.REG.DURS","","","","","","","","","","","","","","","","","","","","","","","","","","","","","","","","","","","","","","","","","","","","42","42","35","35","35","35","9","9","9","9","9","9","9","9","9","9","9",
"Kosovo","XKX","Time required to start a business (days)","IC.REG.DURS","","","","","","","","","","","","","","","","","","","","","","","","","","","","","","","","","","","","","","","","","","","","","","","","","","52","58","58","51","29","10","10","6","5.5","5.5","4.5",
"Yemen, Rep.","YEM","Time required to start a business (days)","IC.REG.DURS","","","","","","","","","","","","","","","","","","","","","","","","","","","","","","","","","","","","","","","","","","","","72.5","63.5","63.5","63.5","63.5","13.5","12.5","12.5","12.5","40.5","40.5","40.5","40.5","40.5","40.5","40.5","40.5",
"South Africa","ZAF","Time required to start a business (days)","IC.REG.DURS","","","","","","","","","","","","","","","","","","","","","","","","","","","","","","","","","","","","","","","","","","","","56","56","53","53","53","45","45","45","45","45","45","46","46","45","45","40","40",
"Zambia","ZMB","Time required to start a business (days)","IC.REG.DURS","","","","","","","","","","","","","","","","","","","","","","","","","","","","","","","","","","","","","","","","","","","","36","36","36","36","34","19","19","19","19","18.5","8.5","8.5","8.5","8.5","8.5","8.5","8.5",
"Zimbabwe","ZWE","Time required to start a business (days)","IC.REG.DURS","","","","","","","","","","","","","","","","","","","","","","","","","","","","","","","","","","","","","","","","","","","","132","94","94","94","94","94","94","87","87","87","91","91","91","91","61","32","27",
